Country,Year,Enforcing Contracts Overall Score
Afghanistan,2005,28.75
Afghanistan,2006,28.75
Afghanistan,2007,28.75
Afghanistan,2008,28.75
Afghanistan,2009,28.75
Afghanistan,2010,28.75
Afghanistan,2011,28.75
Afghanistan,2012,28.75
Afghanistan,2013,28.75
Afghanistan,2014,29.79
Afghanistan,2015,33.61
Afghanistan,2016,31.76
Afghanistan,2017,31.76
Albania,2004,59.4
Albania,2005,59.4
Albania,2006,59.4
Albania,2007,59.4
Albania,2008,59.4
Albania,2009,59.4
Albania,2010,59.4
Albania,2011,60.52
Albania,2012,60.52
Albania,2013,58.89
Albania,2014,56.84
Albania,2015,53.66
Albania,2016,53.66
Albania,2017,53.66
Algeria,2004,50.81
Algeria,2005,50.81
Algeria,2006,50.81
Algeria,2007,50.81
Algeria,2008,50.81
Algeria,2009,50.81
Algeria,2010,52.89
Algeria,2011,52.89
Algeria,2012,52.89
Algeria,2013,52.89
Algeria,2014,52.89
Algeria,2015,55.49
Algeria,2016,55.49
Algeria,2017,55.49
Angola,2004,33
Angola,2005,33
Angola,2006,33
Angola,2007,33
Angola,2008,33
Angola,2009,28.11
Angola,2010,26.47
Angola,2011,25.22
Angola,2012,25.22
Angola,2013,25.22
Angola,2014,25.22
Angola,2015,26.26
Angola,2016,26.26
Angola,2017,26.26
Antigua and Barbuda,2006,58.56
Antigua and Barbuda,2007,58.56
Antigua and Barbuda,2008,58.56
Antigua and Barbuda,2009,59.61
Antigua and Barbuda,2010,59.61
Antigua and Barbuda,2011,59.61
Antigua and Barbuda,2012,59.61
Antigua and Barbuda,2013,56.19
Antigua and Barbuda,2014,56.19
Antigua and Barbuda,2015,68.11
Antigua and Barbuda,2016,68.11
Antigua and Barbuda,2017,68.11
Argentina,2004,65.38
Argentina,2005,65.38
Argentina,2006,65.38
Argentina,2007,65.38
Argentina,2008,65.38
Argentina,2009,65.38
Argentina,2010,65.38
Argentina,2011,65.38
Argentina,2012,65.38
Argentina,2013,62.72
Argentina,2014,61.97
Argentina,2015,64.81
Argentina,2016,64.81
Argentina,2017,64.81
Armenia,2004,56.3
Armenia,2005,57.17
Armenia,2006,57.45
Armenia,2007,57.45
Armenia,2008,57.45
Armenia,2009,58.49
Armenia,2010,58.49
Armenia,2011,58.49
Armenia,2012,50.7
Armenia,2013,50.7
Armenia,2014,52.58
Armenia,2015,66
Armenia,2016,67.85
Armenia,2017,69.71
Australia,2004,76.43
Australia,2005,76.43
Australia,2006,76.43
Australia,2007,77.47
Australia,2008,77.47
Australia,2009,77.47
Australia,2010,77.47
Australia,2011,77.47
Australia,2012,77.06
Australia,2013,77.06
Australia,2014,77.06
Australia,2015,79.72
Australia,2016,79.72
Australia,2017,79.72
Austria,2004,80.56
Austria,2005,80.56
Austria,2006,80.56
Austria,2007,81.6
Austria,2008,81.6
Austria,2009,80.65
Austria,2010,80.65
Austria,2011,80.65
Austria,2012,80.65
Austria,2013,80.65
Austria,2014,80.65
Austria,2015,75.49
Austria,2016,75.49
Austria,2017,75.49
Azerbaijan,2004,69.29
Azerbaijan,2005,69.29
Azerbaijan,2006,69.29
Azerbaijan,2007,69.29
Azerbaijan,2008,69.29
Azerbaijan,2009,70.11
Azerbaijan,2010,70.11
Azerbaijan,2011,70.11
Azerbaijan,2012,70.11
Azerbaijan,2013,70.11
Azerbaijan,2014,69.02
Azerbaijan,2015,65.66
Azerbaijan,2016,65.66
Azerbaijan,2017,65.66
Bahamas,2008,52.69
Bahamas,2009,52.69
Bahamas,2010,52.69
Bahamas,2011,52.69
Bahamas,2012,52.69
Bahamas,2013,49.82
Bahamas,2014,49.82
Bahamas,2015,59.43
Bahamas,2016,59.43
Bahamas,2017,59.43
Bahrain,2008,52.33
Bahrain,2009,52.33
Bahrain,2010,52.33
Bahrain,2011,52.33
Bahrain,2012,52.33
Bahrain,2013,52.33
Bahrain,2014,52.33
Bahrain,2015,56.38
Bahrain,2016,54.53
Bahrain,2017,54.53
Bangladesh,2004,20.82
Bangladesh,2005,20.82
Bangladesh,2006,20.82
Bangladesh,2007,20.82
Bangladesh,2008,20.82
Bangladesh,2009,20.82
Bangladesh,2010,20.82
Bangladesh,2011,20.82
Bangladesh,2012,20.82
Bangladesh,2013,20.82
Bangladesh,2014,20.82
Bangladesh,2015,22.21
Bangladesh,2016,22.21
Bangladesh,2017,22.21
Barbados,2012,41.61
Barbados,2013,41.61
Barbados,2014,41.61
Barbados,2015,38.02
Barbados,2016,38.02
Barbados,2017,38.02
Belarus,2004,82.67
Belarus,2005,82.67
Belarus,2006,81.1
Belarus,2007,81.1
Belarus,2008,81.1
Belarus,2009,81.1
Belarus,2010,81.1
Belarus,2011,81.1
Belarus,2012,78.7
Belarus,2013,78.7
Belarus,2014,78.7
Belarus,2015,70.36
Belarus,2016,70.36
Belarus,2017,70.36
Belgium,2004,75.59
Belgium,2005,75.59
Belgium,2006,75.59
Belgium,2007,75.59
Belgium,2008,75.59
Belgium,2009,77.67
Belgium,2010,77.67
Belgium,2011,77.67
Belgium,2012,77.67
Belgium,2013,77.67
Belgium,2014,77.67
Belgium,2015,64.36
Belgium,2016,64.25
Belgium,2017,64.25
Belize,2006,34.71
Belize,2007,37.38
Belize,2008,37.38
Belize,2009,37.38
Belize,2010,37.38
Belize,2011,37.38
Belize,2012,37.38
Belize,2013,37.38
Belize,2014,37.38
Belize,2015,50.11
Belize,2016,50.11
Belize,2017,50.11
Benin,2004,34.64
Benin,2005,34.64
Benin,2006,34.64
Benin,2007,34.64
Benin,2008,34.64
Benin,2009,34.64
Benin,2010,34.64
Benin,2011,34.64
Benin,2012,35.46
Benin,2013,35.46
Benin,2014,35.46
Benin,2015,36.34
Benin,2016,36.34
Benin,2017,36.34
Bhutan,2004,35.35
Bhutan,2005,35.35
Bhutan,2006,35.35
Bhutan,2007,68.68
Bhutan,2008,68.68
Bhutan,2009,70.05
Bhutan,2010,70.05
Bhutan,2011,70.05
Bhutan,2012,70.05
Bhutan,2013,70.05
Bhutan,2014,70.05
Bhutan,2015,65.36
Bhutan,2016,65.36
Bhutan,2017,65.36
Bolivia,2004,54.93
Bolivia,2005,54.93
Bolivia,2006,54.93
Bolivia,2007,54.93
Bolivia,2008,54.93
Bolivia,2009,54.93
Bolivia,2010,54.93
Bolivia,2011,54.93
Bolivia,2012,54.93
Bolivia,2013,54.93
Bolivia,2014,54.93
Bolivia,2015,49.72
Bolivia,2016,49.72
Bolivia,2017,51.57
Bosnia and Herzegovina,2004,45.28
Bosnia and Herzegovina,2005,56.6
Bosnia and Herzegovina,2006,56.6
Bosnia and Herzegovina,2007,57.64
Bosnia and Herzegovina,2008,57.64
Bosnia and Herzegovina,2009,57.64
Bosnia and Herzegovina,2010,57.64
Bosnia and Herzegovina,2011,56.89
Bosnia and Herzegovina,2012,56.89
Bosnia and Herzegovina,2013,56.89
Bosnia and Herzegovina,2014,56.89
Bosnia and Herzegovina,2015,60.6
Bosnia and Herzegovina,2016,60.6
Bosnia and Herzegovina,2017,60.6
Botswana,2004,53.09
Botswana,2005,53.09
Botswana,2006,53.09
Botswana,2007,53.09
Botswana,2008,53.09
Botswana,2009,53.09
Botswana,2010,61.29
Botswana,2011,62.98
Botswana,2012,64.02
Botswana,2013,64.02
Botswana,2014,64.02
Botswana,2015,50.95
Botswana,2016,50.95
Botswana,2017,50.95
Brazil,2004,50.57
Brazil,2005,50.57
Brazil,2006,52.16
Brazil,2007,52.16
Brazil,2008,52.16
Brazil,2009,52.16
Brazil,2010,52.16
Brazil,2011,52.16
Brazil,2012,52.16
Brazil,2013,53.2
Brazil,2014,52.03
Brazil,2015,65.55
Brazil,2016,65.55
Brazil,2017,67.41
Brunei,2007,47.76
Brunei,2008,47.76
Brunei,2009,47.76
Brunei,2010,47.76
Brunei,2011,47.76
Brunei,2012,47.76
Brunei,2013,47.76
Brunei,2014,47.76
Brunei,2015,53.54
Brunei,2016,53.54
Brunei,2017,57.25
Bulgaria,2004,61.27
Bulgaria,2005,61.27
Bulgaria,2006,61.27
Bulgaria,2007,61.27
Bulgaria,2008,61.27
Bulgaria,2009,62.32
Bulgaria,2010,62.32
Bulgaria,2011,62.32
Bulgaria,2012,62.32
Bulgaria,2013,62.32
Bulgaria,2014,62.32
Bulgaria,2015,65.09
Bulgaria,2016,65.09
Bulgaria,2017,65.09
Burkina Faso,2004,40.58
Burkina Faso,2005,40.58
Burkina Faso,2006,40.58
Burkina Faso,2007,40.58
Burkina Faso,2008,42.37
Burkina Faso,2009,42.37
Burkina Faso,2010,43.34
Burkina Faso,2011,43.83
Burkina Faso,2012,43.83
Burkina Faso,2013,43.83
Burkina Faso,2014,43.83
Burkina Faso,2015,41.05
Burkina Faso,2016,41.05
Burkina Faso,2017,41.05
Burma (Myanmar),2013,27.31
Burma (Myanmar),2014,27.31
Burma (Myanmar),2015,24.53
Burma (Myanmar),2016,24.53
Burma (Myanmar),2017,24.53
Burundi,2004,41.56
Burundi,2005,41.56
Burundi,2006,48.82
Burundi,2007,49.64
Burundi,2008,49.64
Burundi,2009,42.15
Burundi,2010,42.15
Burundi,2011,42.15
Burundi,2012,42.15
Burundi,2013,42.15
Burundi,2014,42.15
Burundi,2015,45.74
Burundi,2016,45.74
Burundi,2017,45.74
Cambodia,2004,35.03
Cambodia,2005,35.03
Cambodia,2006,35.03
Cambodia,2007,35.03
Cambodia,2008,35.03
Cambodia,2009,34.51
Cambodia,2010,34.51
Cambodia,2011,33.69
Cambodia,2012,33.69
Cambodia,2013,32.79
Cambodia,2014,32.79
Cambodia,2015,32.67
Cambodia,2016,32.67
Cambodia,2017,32.67
Cameroon,2004,41.07
Cameroon,2005,41.07
Cameroon,2006,41.07
Cameroon,2007,41.07
Cameroon,2008,41.07
Cameroon,2009,41.07
Cameroon,2010,41.07
Cameroon,2011,41.07
Cameroon,2012,41.07
Cameroon,2013,42.11
Cameroon,2014,42.11
Cameroon,2015,41.76
Cameroon,2016,41.76
Cameroon,2017,41.76
Canada,2004,63.76
Canada,2005,63.76
Canada,2006,63.76
Canada,2007,63.76
Canada,2008,63.76
Canada,2009,63.76
Canada,2010,63.76
Canada,2011,63.76
Canada,2012,63.76
Canada,2013,63.76
Canada,2014,63.76
Canada,2015,60.63
Canada,2016,56.54
Canada,2017,54.35
Cape Verde,2006,66.86
Cape Verde,2007,66.86
Cape Verde,2008,66.86
Cape Verde,2009,66.86
Cape Verde,2010,66.86
Cape Verde,2011,66.86
Cape Verde,2012,67.61
Cape Verde,2013,67.61
Cape Verde,2014,67.61
Cape Verde,2015,65.76
Cape Verde,2016,65.76
Cape Verde,2017,65.76
Central African Republic,2004,31.62
Central African Republic,2005,31.62
Central African Republic,2006,31.62
Central African Republic,2007,31.62
Central African Republic,2008,31.62
Central African Republic,2009,31.62
Central African Republic,2010,31.62
Central African Republic,2011,31.62
Central African Republic,2012,31.62
Central African Republic,2013,31.62
Central African Republic,2014,31.62
Central African Republic,2015,30.46
Central African Republic,2016,30.46
Central African Republic,2017,30.46
Chad,2004,45.05
Chad,2005,45.05
Chad,2006,45.05
Chad,2007,45.05
Chad,2008,45.05
Chad,2009,45.05
Chad,2010,45.05
Chad,2011,45.05
Chad,2012,45.05
Chad,2013,45.05
Chad,2014,45.05
Chad,2015,44.58
Chad,2016,44.58
Chad,2017,44.58
Chile,2004,63.85
Chile,2005,63.85
Chile,2006,63.85
Chile,2007,63.85
Chile,2008,63.85
Chile,2009,63.85
Chile,2010,63.85
Chile,2011,63.85
Chile,2012,63.85
Chile,2013,63.85
Chile,2014,63.85
Chile,2015,62.81
Chile,2016,62.81
Chile,2017,62.81
China,2004,71.39
China,2005,71.39
China,2006,71.39
China,2007,69.89
China,2008,69.89
China,2009,69.89
China,2010,69.89
China,2011,69.89
China,2012,69.89
China,2013,69.89
China,2014,68.21
China,2015,77.98
China,2016,77.98
China,2017,77.98
Colombia,2004,33.12
Colombia,2005,36.24
Colombia,2006,36.24
Colombia,2007,36.24
Colombia,2008,36.24
Colombia,2009,36.24
Colombia,2010,36.24
Colombia,2011,36.24
Colombia,2012,36.24
Colombia,2013,36.24
Colombia,2014,37.66
Colombia,2015,32.43
Colombia,2016,32.43
Colombia,2017,34.29
Comoros,2006,33.2
Comoros,2007,33.2
Comoros,2008,33.2
Comoros,2009,33.2
Comoros,2010,33.2
Comoros,2011,33.2
Comoros,2012,33.2
Comoros,2013,33.2
Comoros,2014,33.2
Comoros,2015,32.05
Comoros,2016,32.05
Comoros,2017,32.05
Congo (Brazzaville),2004,44.11
Congo (Brazzaville),2005,44.11
Congo (Brazzaville),2006,44.11
Congo (Brazzaville),2007,44.11
Congo (Brazzaville),2008,44.11
Congo (Brazzaville),2009,44.11
Congo (Brazzaville),2010,44.11
Congo (Brazzaville),2011,44.11
Congo (Brazzaville),2012,44.11
Congo (Brazzaville),2013,44.11
Congo (Brazzaville),2014,44.11
Congo (Brazzaville),2015,43.99
Congo (Brazzaville),2016,43.99
Congo (Brazzaville),2017,43.99
Congo (Kinshasa),2004,27.68
Congo (Kinshasa),2005,27.68
Congo (Kinshasa),2006,27.68
Congo (Kinshasa),2007,27.68
Congo (Kinshasa),2008,28.72
Congo (Kinshasa),2009,29.82
Congo (Kinshasa),2010,30.36
Congo (Kinshasa),2011,30.36
Congo (Kinshasa),2012,30.36
Congo (Kinshasa),2013,30.36
Congo (Kinshasa),2014,33.51
Congo (Kinshasa),2015,36.06
Congo (Kinshasa),2016,36.06
Congo (Kinshasa),2017,36.06
Costa Rica,2004,50.45
Costa Rica,2005,50.45
Costa Rica,2006,50.45
Costa Rica,2007,50.45
Costa Rica,2008,50.45
Costa Rica,2009,50.45
Costa Rica,2010,51.13
Costa Rica,2011,51.13
Costa Rica,2012,51.13
Costa Rica,2013,51.13
Costa Rica,2014,51.13
Costa Rica,2015,52.41
Costa Rica,2016,52.41
Costa Rica,2017,52.41
Croatia,2004,65.11
Croatia,2005,65.11
Croatia,2006,65.11
Croatia,2007,65.11
Croatia,2008,65.11
Croatia,2009,65.11
Croatia,2010,65.11
Croatia,2011,65.11
Croatia,2012,65.11
Croatia,2013,63.72
Croatia,2014,63.72
Croatia,2015,75.87
Croatia,2016,75.87
Croatia,2017,75.87
Cyprus,2009,54.17
Cyprus,2010,54.17
Cyprus,2011,54.17
Cyprus,2012,54.17
Cyprus,2013,54.17
Cyprus,2014,54.17
Cyprus,2015,45.82
Cyprus,2016,48.59
Cyprus,2017,48.59
Czech Republic,2004,65.35
Czech Republic,2005,65.35
Czech Republic,2006,66.85
Czech Republic,2007,66.85
Czech Republic,2008,66.86
Czech Republic,2009,66.85
Czech Republic,2010,68
Czech Republic,2011,68
Czech Republic,2012,68
Czech Republic,2013,68
Czech Republic,2014,68
Czech Republic,2015,60.36
Czech Republic,2016,60.36
Czech Republic,2017,60.36
Denmark,2004,70.17
Denmark,2005,69.13
Denmark,2006,69.61
Denmark,2007,69.61
Denmark,2008,69.61
Denmark,2009,69.61
Denmark,2010,69.61
Denmark,2011,68.79
Denmark,2012,68.79
Denmark,2013,68.79
Denmark,2014,68.79
Denmark,2015,71.23
Denmark,2016,71.23
Denmark,2017,71.23
Djibouti,2006,37.31
Djibouti,2007,37.31
Djibouti,2008,37.31
Djibouti,2009,37.31
Djibouti,2010,37.31
Djibouti,2011,37.31
Djibouti,2012,37.31
Djibouti,2013,37.31
Djibouti,2014,37.31
Djibouti,2015,28.39
Djibouti,2016,28.39
Djibouti,2017,28.39
Dominica,2006,44.13
Dominica,2007,44.13
Dominica,2008,44.13
Dominica,2009,45.17
Dominica,2010,45.17
Dominica,2011,45.17
Dominica,2012,45.17
Dominica,2013,45.17
Dominica,2014,45.17
Dominica,2015,59.17
Dominica,2016,59.17
Dominica,2017,59.17
Dominican Republic,2004,58.59
Dominican Republic,2005,58.59
Dominican Republic,2006,58.59
Dominican Republic,2007,61.87
Dominican Republic,2008,61.87
Dominican Republic,2009,61.87
Dominican Republic,2010,61.87
Dominican Republic,2011,61.87
Dominican Republic,2012,61.87
Dominican Republic,2013,60.64
Dominican Republic,2014,60.64
Dominican Republic,2015,51.03
Dominican Republic,2016,51.03
Dominican Republic,2017,51.03
Ecuador,2004,58.3
Ecuador,2005,58.3
Ecuador,2006,58.3
Ecuador,2007,58.3
Ecuador,2008,58.3
Ecuador,2009,58.3
Ecuador,2010,58.3
Ecuador,2011,58.3
Ecuador,2012,58.3
Ecuador,2013,58.3
Ecuador,2014,58.3
Ecuador,2015,56.68
Ecuador,2016,56.68
Ecuador,2017,56.68
Egypt,2004,44.02
Egypt,2005,44.02
Egypt,2006,44.02
Egypt,2007,44.02
Egypt,2008,44.02
Egypt,2009,44.02
Egypt,2010,44.02
Egypt,2011,44.02
Egypt,2012,44.02
Egypt,2013,44.02
Egypt,2014,44.02
Egypt,2015,42.75
Egypt,2016,40.9
Egypt,2017,40.9
El Salvador,2004,63.18
El Salvador,2005,63.18
El Salvador,2006,63.18
El Salvador,2007,63.18
El Salvador,2008,63.18
El Salvador,2009,63.18
El Salvador,2010,63.18
El Salvador,2011,63.18
El Salvador,2012,60.06
El Salvador,2013,60.06
El Salvador,2014,60.06
El Salvador,2015,55.2
El Salvador,2016,55.2
El Salvador,2017,55.2
Equatorial Guinea,2006,63.61
Equatorial Guinea,2007,63.61
Equatorial Guinea,2008,63.61
Equatorial Guinea,2009,63.61
Equatorial Guinea,2010,63.61
Equatorial Guinea,2011,63.61
Equatorial Guinea,2012,63.61
Equatorial Guinea,2013,63.61
Equatorial Guinea,2014,63.23
Equatorial Guinea,2015,55.25
Equatorial Guinea,2016,55.25
Equatorial Guinea,2017,55.25
Eritrea,2005,65.03
Eritrea,2006,65.03
Eritrea,2007,65.03
Eritrea,2008,65.03
Eritrea,2009,65.03
Eritrea,2010,65.03
Eritrea,2011,64.34
Eritrea,2012,63.52
Eritrea,2013,62.7
Eritrea,2014,62.7
Eritrea,2015,52.75
Eritrea,2016,52.75
Eritrea,2017,52.75
Estonia,2004,71.83
Estonia,2005,71.83
Estonia,2006,71.83
Estonia,2007,71.83
Estonia,2008,71.83
Estonia,2009,71.83
Estonia,2010,68.76
Estonia,2011,68.76
Estonia,2012,68.76
Estonia,2013,68.76
Estonia,2014,68.91
Estonia,2015,75.16
Estonia,2016,75.16
Estonia,2017,75.16
Ethiopia,2004,60.01
Ethiopia,2005,60.01
Ethiopia,2006,60.01
Ethiopia,2007,60.01
Ethiopia,2008,60.03
Ethiopia,2009,60.01
Ethiopia,2010,65.43
Ethiopia,2011,65.43
Ethiopia,2012,65.43
Ethiopia,2013,65.43
Ethiopia,2014,65.43
Ethiopia,2015,59.06
Ethiopia,2016,59.06
Ethiopia,2017,59.06
Fiji,2004,64.34
Fiji,2005,64.34
Fiji,2006,64.34
Fiji,2007,64.34
Fiji,2008,64.34
Fiji,2009,64.34
Fiji,2010,64.34
Fiji,2011,64.34
Fiji,2012,64.34
Fiji,2013,64.34
Fiji,2014,64.34
Fiji,2015,58.44
Fiji,2016,58.44
Fiji,2017,58.44
Finland,2004,77.22
Finland,2005,78.37
Finland,2006,78.37
Finland,2007,78.37
Finland,2008,78.38
Finland,2009,78.37
Finland,2010,74.54
Finland,2011,74.54
Finland,2012,73.45
Finland,2013,73.45
Finland,2014,73.45
Finland,2015,69.4
Finland,2016,69.4
Finland,2017,69.4
France,2004,77.8
France,2005,77.8
France,2006,77.8
France,2007,77.8
France,2008,77.8
France,2009,77.8
France,2010,77.8
France,2011,77.8
France,2012,77.8
France,2013,77.8
France,2014,77.67
France,2015,73.04
France,2016,73.04
France,2017,73.04
Gabon,2006,43.51
Gabon,2007,43.51
Gabon,2008,43.51
Gabon,2009,43.51
Gabon,2010,43.51
Gabon,2011,43.51
Gabon,2012,43.51
Gabon,2013,43.51
Gabon,2014,43.51
Gabon,2015,35.29
Gabon,2016,35.29
Gabon,2017,32.84
Gambia,2006,51.55
Gambia,2007,64.75
Gambia,2008,64.75
Gambia,2009,64.75
Gambia,2010,64.75
Gambia,2011,64.75
Gambia,2012,64.75
Gambia,2013,65.49
Gambia,2014,65.49
Gambia,2015,54.84
Gambia,2016,54.84
Gambia,2017,54.84
Georgia,2004,60.96
Georgia,2005,60.96
Georgia,2006,60.96
Georgia,2007,68.69
Georgia,2008,68.69
Georgia,2009,68.69
Georgia,2010,68.69
Georgia,2011,68.69
Georgia,2012,68.69
Georgia,2013,71.82
Georgia,2014,71.82
Georgia,2015,71.36
Georgia,2016,73.21
Georgia,2017,73.21
Germany,2004,76.49
Germany,2005,76.49
Germany,2006,76.74
Germany,2007,76.74
Germany,2008,76.74
Germany,2009,76.74
Germany,2010,76.74
Germany,2011,76.74
Germany,2012,76.74
Germany,2013,76.74
Germany,2014,76.74
Germany,2015,74.26
Germany,2016,73.72
Germany,2017,73.17
Ghana,2004,62.94
Ghana,2005,62.94
Ghana,2006,62.94
Ghana,2007,62.94
Ghana,2008,65.76
Ghana,2009,65.76
Ghana,2010,65.76
Ghana,2011,65.76
Ghana,2012,65.76
Ghana,2013,65.76
Ghana,2014,57.59
Ghana,2015,54
Ghana,2016,54
Ghana,2017,54
Greece,2004,56.79
Greece,2005,56.79
Greece,2006,56.79
Greece,2007,56.79
Greece,2008,56.79
Greece,2009,54.58
Greece,2010,52.94
Greece,2011,51.02
Greece,2012,49.11
Greece,2013,48.02
Greece,2014,43.65
Greece,2015,50.19
Greece,2016,50.19
Greece,2017,50.19
Grenada,2006,44.26
Grenada,2007,44.26
Grenada,2008,44.26
Grenada,2009,45.3
Grenada,2010,46.25
Grenada,2011,46.25
Grenada,2012,46.25
Grenada,2013,46.25
Grenada,2014,46.25
Grenada,2015,59.33
Grenada,2016,59.33
Grenada,2017,59.33
Guatemala,2004,46.35
Guatemala,2005,46.35
Guatemala,2006,46.35
Guatemala,2007,46.35
Guatemala,2008,46.35
Guatemala,2009,46.35
Guatemala,2010,46.35
Guatemala,2011,46.35
Guatemala,2012,46.35
Guatemala,2013,46.35
Guatemala,2014,46.35
Guatemala,2015,34.55
Guatemala,2016,34.55
Guatemala,2017,34.55
Guinea,2004,49.74
Guinea,2005,49.74
Guinea,2006,49.74
Guinea,2007,49.74
Guinea,2008,49.74
Guinea,2009,49.74
Guinea,2010,49.74
Guinea,2011,49.74
Guinea,2012,49.74
Guinea,2013,49.74
Guinea,2014,49.74
Guinea,2015,53.87
Guinea,2016,53.87
Guinea,2017,53.87
Guinea Bissau,2006,36.5
Guinea Bissau,2007,36.5
Guinea Bissau,2008,36.5
Guinea Bissau,2009,36.5
Guinea Bissau,2010,36.5
Guinea Bissau,2011,37.54
Guinea Bissau,2012,37.54
Guinea Bissau,2013,37.54
Guinea Bissau,2014,37.54
Guinea Bissau,2015,38.81
Guinea Bissau,2016,38.81
Guinea Bissau,2017,38.81
Guyana,2005,61.33
Guyana,2006,61.33
Guyana,2007,62.37
Guyana,2008,62.37
Guyana,2009,62.37
Guyana,2010,62.37
Guyana,2011,62.37
Guyana,2012,62.37
Guyana,2013,62.37
Guyana,2014,62.37
Guyana,2015,57.62
Guyana,2016,57.62
Guyana,2017,57.62
Haiti,2004,58.28
Haiti,2005,58.28
Haiti,2006,58.28
Haiti,2007,58.28
Haiti,2008,58.28
Haiti,2009,58.28
Haiti,2010,58.28
Haiti,2011,58.28
Haiti,2012,59.32
Haiti,2013,59.32
Haiti,2014,59.32
Haiti,2015,52.49
Haiti,2016,52.49
Haiti,2017,52.49
Honduras,2004,39.43
Honduras,2005,40.53
Honduras,2006,40.53
Honduras,2007,40.53
Honduras,2008,40.53
Honduras,2009,40.53
Honduras,2010,40.53
Honduras,2011,40.53
Honduras,2012,37.9
Honduras,2013,37.9
Honduras,2014,37.9
Honduras,2015,45.54
Honduras,2016,45.54
Honduras,2017,45.54
Hong Kong,2004,83.35
Hong Kong,2005,83.35
Hong Kong,2006,83.35
Hong Kong,2007,83.35
Hong Kong,2008,83.35
Hong Kong,2009,83.35
Hong Kong,2010,81.47
Hong Kong,2011,81.47
Hong Kong,2012,79.28
Hong Kong,2013,79.28
Hong Kong,2014,80.32
Hong Kong,2015,72.57
Hong Kong,2016,72.57
Hong Kong,2017,72.57
Hungary,2004,75
Hungary,2005,75
Hungary,2006,75
Hungary,2007,75
Hungary,2008,75
Hungary,2009,75
Hungary,2010,73.36
Hungary,2011,73.36
Hungary,2012,73.36
Hungary,2013,73.36
Hungary,2014,73.36
Hungary,2015,72.08
Hungary,2016,73.94
Hungary,2017,75.79
Iceland,2005,83.44
Iceland,2006,83.44
Iceland,2007,83.44
Iceland,2008,83.44
Iceland,2009,83.4
Iceland,2010,82.75
Iceland,2011,82.3
Iceland,2012,82.3
Iceland,2013,82.3
Iceland,2014,82.3
Iceland,2015,69.1
Iceland,2016,69.1
Iceland,2017,69.1
India,2004,25.81
India,2005,25.81
India,2006,25.81
India,2007,25.81
India,2008,25.82
India,2009,25.81
India,2010,25.81
India,2011,25.81
India,2012,25.81
India,2013,25.81
India,2014,25.81
India,2015,32.41
India,2016,32.41
India,2017,35.19
Indonesia,2004,37.59
Indonesia,2005,37.59
Indonesia,2006,37.59
Indonesia,2007,37.59
Indonesia,2008,37.59
Indonesia,2009,36.55
Indonesia,2010,36.55
Indonesia,2011,36.55
Indonesia,2012,36.55
Indonesia,2013,36.55
Indonesia,2014,37.28
Indonesia,2015,35.37
Indonesia,2016,35.37
Indonesia,2017,38.15
Iran,2004,62.94
Iran,2005,62.94
Iran,2006,62.94
Iran,2007,62.94
Iran,2008,62.94
Iran,2009,62.94
Iran,2010,62.94
Iran,2011,63.35
Iran,2012,63.35
Iran,2013,63.35
Iran,2014,63.35
Iran,2015,61.85
Iran,2016,60
Iran,2017,60
Iraq,2005,45.67
Iraq,2006,45.67
Iraq,2007,45.67
Iraq,2008,45.67
Iraq,2009,45.67
Iraq,2010,47.62
Iraq,2011,47.32
Iraq,2012,47.32
Iraq,2013,47.32
Iraq,2014,47.32
Iraq,2015,50.79
Iraq,2016,48.94
Iraq,2017,48.94
Ireland,2004,77.08
Ireland,2005,77.08
Ireland,2006,78.12
Ireland,2007,79.16
Ireland,2008,79.16
Ireland,2009,79.16
Ireland,2010,79.16
Ireland,2011,79.16
Ireland,2012,75.47
Ireland,2013,75.47
Ireland,2014,75.47
Ireland,2015,57.88
Ireland,2016,57.88
Ireland,2017,57.88
Israel,2004,54.93
Israel,2005,54.93
Israel,2006,54.93
Israel,2007,54.93
Israel,2008,54.93
Israel,2009,54.93
Israel,2010,54.93
Israel,2011,54.93
Israel,2012,54.93
Israel,2013,52.61
Israel,2014,52.61
Israel,2015,57.93
Israel,2016,57.93
Israel,2017,57.93
Italy,2004,34.66
Italy,2005,34.66
Italy,2006,34.66
Italy,2007,38.21
Italy,2008,38.21
Italy,2009,38.21
Italy,2010,42.38
Italy,2011,42.38
Italy,2012,42.38
Italy,2013,43.06
Italy,2014,45.61
Italy,2015,51.17
Italy,2016,54.79
Italy,2017,54.79
Ivory Coast,2004,54.14
Ivory Coast,2005,54.14
Ivory Coast,2006,54.14
Ivory Coast,2007,54.14
Ivory Coast,2008,54.14
Ivory Coast,2009,54.14
Ivory Coast,2010,54.14
Ivory Coast,2011,54.14
Ivory Coast,2012,54.14
Ivory Coast,2013,54.14
Ivory Coast,2014,60.24
Ivory Coast,2015,51.11
Ivory Coast,2016,52.97
Ivory Coast,2017,55.74
Jamaica,2004,57.24
Jamaica,2005,57.24
Jamaica,2006,57.24
Jamaica,2007,57.24
Jamaica,2008,57.24
Jamaica,2009,53.74
Jamaica,2010,53.74
Jamaica,2011,53.74
Jamaica,2012,53.74
Jamaica,2013,56.61
Jamaica,2014,56.61
Jamaica,2015,53.6
Jamaica,2016,53.6
Jamaica,2017,53.6
Japan,2004,69.95
Japan,2005,69.95
Japan,2006,69.95
Japan,2007,69.95
Japan,2008,69.95
Japan,2009,69.95
Japan,2010,69.95
Japan,2011,69.95
Japan,2012,69.95
Japan,2013,69.95
Japan,2014,73.25
Japan,2015,65.26
Japan,2016,65.26
Japan,2017,65.26
Jordan,2004,54.04
Jordan,2005,54.04
Jordan,2006,54.04
Jordan,2007,54.04
Jordan,2008,54.04
Jordan,2009,54.04
Jordan,2010,54.04
Jordan,2011,54.04
Jordan,2012,54.04
Jordan,2013,54.04
Jordan,2014,54.04
Jordan,2015,54.27
Jordan,2016,52.42
Jordan,2017,52.42
Kazakhstan,2004,63.03
Kazakhstan,2005,63.03
Kazakhstan,2006,67.74
Kazakhstan,2007,67.74
Kazakhstan,2008,67.74
Kazakhstan,2009,67.74
Kazakhstan,2010,67.74
Kazakhstan,2011,67.74
Kazakhstan,2012,68.29
Kazakhstan,2013,68.29
Kazakhstan,2014,68.29
Kazakhstan,2015,72.92
Kazakhstan,2016,75.7
Kazakhstan,2017,75.7
Kenya,2004,60.02
Kenya,2005,60.02
Kenya,2006,60.02
Kenya,2007,60.02
Kenya,2008,60.02
Kenya,2009,60.02
Kenya,2010,55.15
Kenya,2011,55.15
Kenya,2012,55.15
Kenya,2013,50.98
Kenya,2014,50.98
Kenya,2015,58.27
Kenya,2016,58.27
Kenya,2017,58.27
Kiribati,2004,64.15
Kiribati,2005,64.15
Kiribati,2006,64.15
Kiribati,2007,64.15
Kiribati,2008,64.14
Kiribati,2009,64.15
Kiribati,2010,64.15
Kiribati,2011,64.15
Kiribati,2012,64.15
Kiribati,2013,64.15
Kiribati,2014,64.15
Kiribati,2015,57.09
Kiribati,2016,53.39
Kiribati,2017,53.39
Kosovo,2010,46.13
Kosovo,2011,46.13
Kosovo,2012,46.13
Kosovo,2013,46.13
Kosovo,2014,46.13
Kosovo,2015,66.19
Kosovo,2016,65.66
Kosovo,2017,65.66
Kuwait,2004,52.28
Kuwait,2005,52.28
Kuwait,2006,52.28
Kuwait,2007,52.28
Kuwait,2008,52.28
Kuwait,2009,52.28
Kuwait,2010,52.28
Kuwait,2011,52.28
Kuwait,2012,52.28
Kuwait,2013,52.28
Kuwait,2014,52.28
Kuwait,2015,62.36
Kuwait,2016,60.51
Kuwait,2017,60.51
Kyrgyzstan,2004,64.63
Kyrgyzstan,2005,64.63
Kyrgyzstan,2006,64.63
Kyrgyzstan,2007,64.63
Kyrgyzstan,2008,64.63
Kyrgyzstan,2009,64.63
Kyrgyzstan,2010,64.63
Kyrgyzstan,2011,64.63
Kyrgyzstan,2012,56.78
Kyrgyzstan,2013,56.78
Kyrgyzstan,2014,56.78
Kyrgyzstan,2015,48.57
Kyrgyzstan,2016,48.57
Kyrgyzstan,2017,48.57
Laos,2004,52.95
Laos,2005,56.45
Laos,2006,56.45
Laos,2007,56.45
Laos,2008,56.45
Laos,2009,56.45
Laos,2010,56.45
Laos,2011,56.45
Laos,2012,56.45
Laos,2013,56.45
Laos,2014,56.45
Laos,2015,58.07
Laos,2016,58.07
Laos,2017,58.07
Latvia,2004,79.97
Latvia,2005,79.97
Latvia,2006,83.44
Latvia,2007,83.44
Latvia,2008,83.44
Latvia,2009,83.44
Latvia,2010,79.96
Latvia,2011,79.96
Latvia,2012,78.32
Latvia,2013,75.59
Latvia,2014,75.59
Latvia,2015,68.88
Latvia,2016,71.66
Latvia,2017,71.66
Lebanon,2004,55.4
Lebanon,2005,55.4
Lebanon,2006,55.4
Lebanon,2007,55.4
Lebanon,2008,55.4
Lebanon,2009,55.4
Lebanon,2010,55.4
Lebanon,2011,55.4
Lebanon,2012,55.4
Lebanon,2013,55.4
Lebanon,2014,55.4
Lebanon,2015,51.7
Lebanon,2016,51.7
Lebanon,2017,51.7
Lesotho,2004,46.84
Lesotho,2005,46.84
Lesotho,2006,46.84
Lesotho,2007,46.84
Lesotho,2008,46.84
Lesotho,2009,46.84
Lesotho,2010,46.84
Lesotho,2011,46.84
Lesotho,2012,46.84
Lesotho,2013,53.94
Lesotho,2014,53.94
Lesotho,2015,57.18
Lesotho,2016,57.18
Lesotho,2017,57.18
Liberia,2007,34.39
Liberia,2008,34.39
Liberia,2009,34.39
Liberia,2010,34.39
Liberia,2011,34.39
Liberia,2012,34.39
Liberia,2013,35.43
Liberia,2014,35.43
Liberia,2015,33.92
Liberia,2016,33.92
Liberia,2017,33.92
Libya,2013,51.42
Libya,2014,51.42
Libya,2015,50.27
Libya,2016,48.41
Libya,2017,48.41
Lithuania,2004,77.27
Lithuania,2005,77.27
Lithuania,2006,77.27
Lithuania,2007,77.27
Lithuania,2008,77.27
Lithuania,2009,77.27
Lithuania,2010,74.81
Lithuania,2011,74.81
Lithuania,2012,74.81
Lithuania,2013,72.9
Lithuania,2014,72.9
Lithuania,2015,77.88
Lithuania,2016,77.88
Lithuania,2017,77.88
Luxembourg,2007,86.04
Luxembourg,2008,86.04
Luxembourg,2009,86.04
Luxembourg,2010,85.7
Luxembourg,2011,85.7
Luxembourg,2012,85.7
Luxembourg,2013,85.7
Luxembourg,2014,85.7
Luxembourg,2015,73.32
Luxembourg,2016,73.32
Luxembourg,2017,73.32
Macedonia (F.Y.R.O.M.),2004,58.25
Macedonia (F.Y.R.O.M.),2005,58.25
Macedonia (F.Y.R.O.M.),2006,58.25
Macedonia (F.Y.R.O.M.),2007,58.25
Macedonia (F.Y.R.O.M.),2008,55.32
Macedonia (F.Y.R.O.M.),2009,56.37
Macedonia (F.Y.R.O.M.),2010,56.59
Macedonia (F.Y.R.O.M.),2011,56.59
Macedonia (F.Y.R.O.M.),2012,56.59
Macedonia (F.Y.R.O.M.),2013,56.59
Macedonia (F.Y.R.O.M.),2014,58.31
Macedonia (F.Y.R.O.M.),2015,70.46
Macedonia (F.Y.R.O.M.),2016,70.46
Macedonia (F.Y.R.O.M.),2017,67.79
Madagascar,2004,45.91
Madagascar,2005,45.91
Madagascar,2006,45.91
Madagascar,2007,45.91
Madagascar,2008,45.91
Madagascar,2009,45.91
Madagascar,2010,45.91
Madagascar,2011,45.91
Madagascar,2012,45.91
Madagascar,2013,45.91
Madagascar,2014,45.91
Madagascar,2015,42.85
Madagascar,2016,42.85
Madagascar,2017,42.85
Malawi,2004,35.23
Malawi,2005,35.23
Malawi,2006,35.23
Malawi,2007,35.23
Malawi,2008,36.27
Malawi,2009,36.27
Malawi,2010,36.27
Malawi,2011,36.27
Malawi,2012,36.27
Malawi,2013,36.27
Malawi,2014,43.73
Malawi,2015,47.09
Malawi,2016,47.09
Malawi,2017,46.48
Malaysia,2004,67.24
Malaysia,2005,67.24
Malaysia,2006,67.24
Malaysia,2007,67.24
Malaysia,2008,67.24
Malaysia,2009,67.24
Malaysia,2010,67.65
Malaysia,2011,67.65
Malaysia,2012,73.06
Malaysia,2013,73.06
Malaysia,2014,69.39
Malaysia,2015,66.61
Malaysia,2016,66.61
Malaysia,2017,66.61
Maldives,2004,58.13
Maldives,2005,58.13
Maldives,2006,58.13
Maldives,2007,58.13
Maldives,2008,58.13
Maldives,2009,58.13
Maldives,2010,58.13
Maldives,2011,58.13
Maldives,2012,58.13
Maldives,2013,55.53
Maldives,2014,55.53
Maldives,2015,55.07
Maldives,2016,55.07
Maldives,2017,55.07
Mali,2004,45.67
Mali,2005,45.67
Mali,2006,45.67
Mali,2007,45.67
Mali,2008,45.67
Mali,2009,45.67
Mali,2010,51.09
Mali,2011,51.25
Mali,2012,51.25
Mali,2013,51.25
Mali,2014,51.25
Mali,2015,43.73
Mali,2016,43.73
Mali,2017,43.73
Malta,2012,56.27
Malta,2013,56.27
Malta,2014,56.27
Malta,2015,62.17
Malta,2016,62.17
Malta,2017,62.17
Marshall Islands,2004,58.82
Marshall Islands,2005,58.82
Marshall Islands,2006,58.82
Marshall Islands,2007,58.82
Marshall Islands,2008,58.82
Marshall Islands,2009,58.82
Marshall Islands,2010,58.82
Marshall Islands,2011,58.82
Marshall Islands,2012,58.82
Marshall Islands,2013,58.82
Marshall Islands,2014,58.82
Marshall Islands,2015,55.93
Marshall Islands,2016,55.93
Marshall Islands,2017,55.93
Mauritania,2004,56.6
Mauritania,2005,56.6
Mauritania,2006,56.6
Mauritania,2007,56.6
Mauritania,2008,57.65
Mauritania,2009,58.47
Mauritania,2010,58.47
Mauritania,2011,58.47
Mauritania,2012,58.47
Mauritania,2013,58.47
Mauritania,2014,58.47
Mauritania,2015,60.43
Mauritania,2016,58.58
Mauritania,2017,58.58
Mauritius,2005,60.05
Mauritius,2006,60.05
Mauritius,2007,60.05
Mauritius,2008,60.05
Mauritius,2009,60.05
Mauritius,2010,61.91
Mauritius,2011,63.96
Mauritius,2012,63.96
Mauritius,2013,63.96
Mauritius,2014,64.91
Mauritius,2015,68.65
Mauritius,2016,68.65
Mauritius,2017,68.65
Mexico,2004,62.27
Mexico,2005,62.27
Mexico,2006,62.27
Mexico,2007,62.27
Mexico,2008,62.27
Mexico,2009,62.27
Mexico,2010,62.27
Mexico,2011,62.27
Mexico,2012,62.27
Mexico,2013,62.75
Mexico,2014,63.84
Mexico,2015,65.69
Mexico,2016,65.69
Mexico,2017,67.01
Micronesia,2004,40.85
Micronesia,2005,40.85
Micronesia,2006,40.85
Micronesia,2007,40.85
Micronesia,2008,40.85
Micronesia,2009,40.85
Micronesia,2010,40.85
Micronesia,2011,40.85
Micronesia,2012,40.85
Micronesia,2013,40.85
Micronesia,2014,40.85
Micronesia,2015,29.39
Micronesia,2016,29.39
Micronesia,2017,29.39
Moldova,2004,77.74
Moldova,2005,77.74
Moldova,2006,77.74
Moldova,2007,77.74
Moldova,2008,77.74
Moldova,2009,77.74
Moldova,2010,76.13
Moldova,2011,76.13
Moldova,2012,73.6
Moldova,2013,73.24
Moldova,2014,66.68
Moldova,2015,60.43
Moldova,2016,59.94
Moldova,2017,60.87
Mongolia,2004,71.81
Mongolia,2005,71.81
Mongolia,2006,71.81
Mongolia,2007,71.81
Mongolia,2008,71.81
Mongolia,2009,71.81
Mongolia,2010,71.81
Mongolia,2011,71.81
Mongolia,2012,71.81
Mongolia,2013,71.81
Mongolia,2014,70.17
Mongolia,2015,58.48
Mongolia,2016,58.48
Mongolia,2017,58.48
Montenegro,2007,49.62
Montenegro,2008,49.62
Montenegro,2009,49.62
Montenegro,2010,49.62
Montenegro,2011,49.62
Montenegro,2012,49.62
Montenegro,2013,49.62
Montenegro,2014,49.62
Montenegro,2015,66.75
Montenegro,2016,66.75
Montenegro,2017,66.75
Morocco,2004,60.14
Morocco,2005,60.14
Morocco,2006,60.14
Morocco,2007,60.14
Morocco,2008,60.14
Morocco,2009,60.14
Morocco,2010,60.14
Morocco,2011,60.14
Morocco,2012,60.14
Morocco,2013,60.14
Morocco,2014,60.14
Morocco,2015,62.34
Morocco,2016,62.34
Morocco,2017,62.34
Mozambique,2004,30.89
Mozambique,2005,30.89
Mozambique,2006,30.89
Mozambique,2007,30.89
Mozambique,2008,31.93
Mozambique,2009,34.61
Mozambique,2010,34.61
Mozambique,2011,34.61
Mozambique,2012,34.61
Mozambique,2013,34.61
Mozambique,2014,34.61
Mozambique,2015,27.32
Mozambique,2016,27.32
Mozambique,2017,27.32
Namibia,2004,63.73
Namibia,2005,63.73
Namibia,2006,63.73
Namibia,2007,63.73
Namibia,2008,63.73
Namibia,2009,63.73
Namibia,2010,63.73
Namibia,2011,63.73
Namibia,2012,63.73
Namibia,2013,63.73
Namibia,2014,64.82
Namibia,2015,56.03
Namibia,2016,56.03
Namibia,2017,56.03
Nepal,2004,46.51
Nepal,2005,46.51
Nepal,2006,46.51
Nepal,2007,46.51
Nepal,2008,46.51
Nepal,2009,46.51
Nepal,2010,46.51
Nepal,2011,46.51
Nepal,2012,49.65
Nepal,2013,49.65
Nepal,2014,49.65
Nepal,2015,45.26
Nepal,2016,45.26
Nepal,2017,45.26
Netherlands,2004,74.92
Netherlands,2005,74.92
Netherlands,2006,74.92
Netherlands,2007,74.92
Netherlands,2008,74.92
Netherlands,2009,74.92
Netherlands,2010,74.92
Netherlands,2011,74.92
Netherlands,2012,75.1
Netherlands,2013,75.1
Netherlands,2014,75.1
Netherlands,2015,58.09
Netherlands,2016,59.94
Netherlands,2017,59.94
New Zealand,2004,79.79
New Zealand,2005,79.79
New Zealand,2006,79.79
New Zealand,2007,79.79
New Zealand,2008,79.79
New Zealand,2009,79.79
New Zealand,2010,79.64
New Zealand,2011,79.64
New Zealand,2012,79.64
New Zealand,2013,77.84
New Zealand,2014,77.84
New Zealand,2015,74.25
New Zealand,2016,74.25
New Zealand,2017,74.25
Nicaragua,2004,60.48
Nicaragua,2005,61.85
Nicaragua,2006,61.85
Nicaragua,2007,61.85
Nicaragua,2008,61.85
Nicaragua,2009,61.85
Nicaragua,2010,61.85
Nicaragua,2011,61.85
Nicaragua,2012,65.43
Nicaragua,2013,65.43
Nicaragua,2014,62.42
Nicaragua,2015,57.79
Nicaragua,2016,57.79
Nicaragua,2017,58.58
Niger,2004,47.33
Niger,2005,47.33
Niger,2006,47.33
Niger,2007,47.33
Niger,2008,47.33
Niger,2009,47.33
Niger,2010,47.33
Niger,2011,47.33
Niger,2012,47.33
Niger,2013,47.33
Niger,2014,49.95
Niger,2015,41.85
Niger,2016,41.85
Niger,2017,45.55
Nigeria,2004,29.17
Nigeria,2005,29.17
Nigeria,2006,29.17
Nigeria,2007,37.67
Nigeria,2008,37.67
Nigeria,2009,37.67
Nigeria,2010,37.67
Nigeria,2011,37.67
Nigeria,2012,37.67
Nigeria,2013,37.67
Nigeria,2014,47.71
Nigeria,2015,48.59
Nigeria,2016,48.59
Nigeria,2017,48.59
Norway,2004,77.59
Norway,2005,77.59
Norway,2006,77.59
Norway,2007,77.59
Norway,2008,77.59
Norway,2009,77.59
Norway,2010,78.41
Norway,2011,78.41
Norway,2012,78.41
Norway,2013,78.41
Norway,2014,78.41
Norway,2015,77.14
Norway,2016,77.14
Norway,2017,78.99
Oman,2004,50.67
Oman,2005,50.67
Oman,2006,50.67
Oman,2007,50.67
Oman,2008,50.67
Oman,2009,50.67
Oman,2010,50.67
Oman,2011,50.67
Oman,2012,50.67
Oman,2013,50.67
Oman,2014,50.67
Oman,2015,61.55
Oman,2016,61.55
Oman,2017,61.55
Pakistan,2004,44.31
Pakistan,2005,44.31
Pakistan,2006,44.31
Pakistan,2007,44.31
Pakistan,2008,44.31
Pakistan,2009,41.68
Pakistan,2010,41.68
Pakistan,2011,41.68
Pakistan,2012,41.68
Pakistan,2013,38.41
Pakistan,2014,40.32
Pakistan,2015,45.34
Pakistan,2016,43.49
Pakistan,2017,43.49
Palau,2004,50.24
Palau,2005,50.24
Palau,2006,50.24
Palau,2007,50.24
Palau,2008,50.26
Palau,2009,50.24
Palau,2010,50.24
Palau,2011,50.24
Palau,2012,50.24
Palau,2013,50.24
Palau,2014,51.28
Palau,2015,52.21
Palau,2016,52.21
Palau,2017,52.21
Panama,2004,54.37
Panama,2005,54.37
Panama,2006,54.37
Panama,2007,54.37
Panama,2008,54.37
Panama,2009,54.37
Panama,2010,54.37
Panama,2011,58.87
Panama,2012,58.87
Panama,2013,58.87
Panama,2014,58.87
Panama,2015,48.1
Panama,2016,48.1
Panama,2017,48.1
Papua New Guinea,2004,30.88
Papua New Guinea,2005,30.88
Papua New Guinea,2006,30.88
Papua New Guinea,2007,30.88
Papua New Guinea,2008,30.88
Papua New Guinea,2009,30.88
Papua New Guinea,2010,31.92
Papua New Guinea,2011,31.92
Papua New Guinea,2012,31.92
Papua New Guinea,2013,31.92
Papua New Guinea,2014,31.92
Papua New Guinea,2015,36.21
Papua New Guinea,2016,36.21
Papua New Guinea,2017,36.21
Paraguay,2004,58.21
Paraguay,2005,58.21
Paraguay,2006,58.21
Paraguay,2007,58.21
Paraguay,2008,58.21
Paraguay,2009,58.21
Paraguay,2010,58.21
Paraguay,2011,58.21
Paraguay,2012,58.21
Paraguay,2013,57.8
Paraguay,2014,57.8
Paraguay,2015,59.77
Paraguay,2016,59.77
Paraguay,2017,59.77
Peru,2004,53.06
Peru,2005,53.06
Peru,2006,53.06
Peru,2007,56.31
Peru,2008,56.31
Peru,2009,56.31
Peru,2010,57.4
Peru,2011,57.4
Peru,2012,57.4
Peru,2013,57.4
Peru,2014,57.46
Peru,2015,60.7
Peru,2016,60.7
Peru,2017,60.7
Philippines,2004,50.52
Philippines,2005,53.8
Philippines,2006,54.35
Philippines,2007,53.9
Philippines,2008,53.9
Philippines,2009,53.9
Philippines,2010,53.9
Philippines,2011,53.9
Philippines,2012,53.9
Philippines,2013,53.9
Philippines,2014,52.02
Philippines,2015,49.24
Philippines,2016,49.24
Philippines,2017,49.24
Poland,2004,52.2
Poland,2005,52.2
Poland,2006,52.75
Poland,2007,52.75
Poland,2008,56.85
Poland,2009,56.85
Poland,2010,56.85
Poland,2011,56.85
Poland,2012,56.85
Poland,2013,64.98
Poland,2014,64.83
Poland,2015,63.44
Poland,2016,63.44
Poland,2017,63.44
Portugal,2004,65.56
Portugal,2005,64.52
Portugal,2006,64.52
Portugal,2007,64.52
Portugal,2008,64.52
Portugal,2009,65.56
Portugal,2010,69.95
Portugal,2011,69.95
Portugal,2012,69.95
Portugal,2013,69.95
Portugal,2014,69.95
Portugal,2015,73.01
Portugal,2016,73.01
Portugal,2017,73.01
Puerto Rico,2004,58.03
Puerto Rico,2005,58.03
Puerto Rico,2006,58.03
Puerto Rico,2007,58.03
Puerto Rico,2008,58.03
Puerto Rico,2009,58.03
Puerto Rico,2010,58.03
Puerto Rico,2011,58.03
Puerto Rico,2012,58.03
Puerto Rico,2013,57.75
Puerto Rico,2014,57.75
Puerto Rico,2015,56.13
Puerto Rico,2016,56.13
Puerto Rico,2017,56.13
Qatar,2008,56.73
Qatar,2009,56.73
Qatar,2010,56.73
Qatar,2011,56.73
Qatar,2012,56.73
Qatar,2013,56.73
Qatar,2014,56.73
Qatar,2015,54.64
Qatar,2016,52.79
Qatar,2017,52.79
Romania,2004,66.6
Romania,2005,66.6
Romania,2006,66.6
Romania,2007,66.6
Romania,2008,66.6
Romania,2009,68.32
Romania,2010,64.95
Romania,2011,64.95
Romania,2012,64.95
Romania,2013,64.95
Romania,2014,64.95
Romania,2015,71.08
Romania,2016,71.08
Romania,2017,71.08
Russia,2004,76.03
Russia,2005,76.03
Russia,2006,76.03
Russia,2007,76.03
Russia,2008,76.03
Russia,2009,76.03
Russia,2010,76.03
Russia,2011,76.03
Russia,2012,75.43
Russia,2013,75.73
Russia,2014,75.25
Russia,2015,75.78
Russia,2016,75.78
Russia,2017,74.96
Rwanda,2004,55.44
Rwanda,2005,55.44
Rwanda,2006,62.21
Rwanda,2007,62.21
Rwanda,2008,62.21
Rwanda,2009,62.21
Rwanda,2010,63.58
Rwanda,2011,64.4
Rwanda,2012,64.4
Rwanda,2013,65.44
Rwanda,2014,65.44
Rwanda,2015,53.06
Rwanda,2016,53.06
Rwanda,2017,56.76
Saint Kitts and Nevis,2006,52.08
Saint Kitts and Nevis,2007,52.08
Saint Kitts and Nevis,2008,52.08
Saint Kitts and Nevis,2009,53.12
Saint Kitts and Nevis,2010,53.12
Saint Kitts and Nevis,2011,53.12
Saint Kitts and Nevis,2012,53.12
Saint Kitts and Nevis,2013,51.51
Saint Kitts and Nevis,2014,51.51
Saint Kitts and Nevis,2015,65.51
Saint Kitts and Nevis,2016,65.51
Saint Kitts and Nevis,2017,65.51
Saint Lucia,2006,44.9
Saint Lucia,2007,44.9
Saint Lucia,2008,44.9
Saint Lucia,2009,45.94
Saint Lucia,2010,45.94
Saint Lucia,2011,45.94
Saint Lucia,2012,45.94
Saint Lucia,2013,45.94
Saint Lucia,2014,45.94
Saint Lucia,2015,59.94
Saint Lucia,2016,59.94
Saint Lucia,2017,59.94
Saint Thomas and Principe,2005,29.09
Saint Thomas and Principe,2006,29.09
Saint Thomas and Principe,2007,29.09
Saint Thomas and Principe,2008,29.09
Saint Thomas and Principe,2009,29.09
Saint Thomas and Principe,2010,29.09
Saint Thomas and Principe,2011,29.09
Saint Thomas and Principe,2012,29.09
Saint Thomas and Principe,2013,29.91
Saint Thomas and Principe,2014,32.37
Saint Thomas and Principe,2015,31.21
Saint Thomas and Principe,2016,31.21
Saint Thomas and Principe,2017,31.21
Saint Vincent and Grenadines,2006,56.19
Saint Vincent and Grenadines,2007,56.19
Saint Vincent and Grenadines,2008,56.19
Saint Vincent and Grenadines,2009,57.23
Saint Vincent and Grenadines,2010,57.23
Saint Vincent and Grenadines,2011,57.23
Saint Vincent and Grenadines,2012,57.23
Saint Vincent and Grenadines,2013,51.74
Saint Vincent and Grenadines,2014,51.74
Saint Vincent and Grenadines,2015,63.66
Saint Vincent and Grenadines,2016,63.66
Saint Vincent and Grenadines,2017,63.66
Samoa,2004,57.78
Samoa,2005,57.78
Samoa,2006,57.78
Samoa,2007,57.78
Samoa,2008,57.78
Samoa,2009,57.78
Samoa,2010,57.78
Samoa,2011,57.78
Samoa,2012,57.78
Samoa,2013,57.78
Samoa,2014,57.78
Samoa,2015,60.44
Samoa,2016,60.44
Samoa,2017,60.44
San Marino,2013,68.85
San Marino,2014,68.85
San Marino,2015,59.25
San Marino,2016,59.25
San Marino,2017,59.25
Saudi Arabia,2004,52.74
Saudi Arabia,2005,52.74
Saudi Arabia,2006,52.74
Saudi Arabia,2007,52.74
Saudi Arabia,2008,52.74
Saudi Arabia,2009,52.74
Saudi Arabia,2010,52.74
Saudi Arabia,2011,52.74
Saudi Arabia,2012,52.74
Saudi Arabia,2013,54.82
Saudi Arabia,2014,54.82
Saudi Arabia,2015,56.92
Saudi Arabia,2016,55.07
Saudi Arabia,2017,55.07
Senegal,2004,48.11
Senegal,2005,48.11
Senegal,2006,48.11
Senegal,2007,48.11
Senegal,2008,48.11
Senegal,2009,48.11
Senegal,2010,48.11
Senegal,2011,48.11
Senegal,2012,49.15
Senegal,2013,49.15
Senegal,2014,45.71
Senegal,2015,46.3
Senegal,2016,48.15
Senegal,2017,48.15
Serbia,2004,43.96
Serbia,2005,43.96
Serbia,2006,59.69
Serbia,2007,59.69
Serbia,2008,59.69
Serbia,2009,59.51
Serbia,2010,59.51
Serbia,2011,59.51
Serbia,2012,58.61
Serbia,2013,58.61
Serbia,2014,57.59
Serbia,2015,63.96
Serbia,2016,63.96
Serbia,2017,61.41
Seychelles,2006,61.62
Seychelles,2007,61.62
Seychelles,2008,61.62
Seychelles,2009,61.62
Seychelles,2010,61.62
Seychelles,2011,61.2
Seychelles,2012,55.88
Seychelles,2013,55.88
Seychelles,2014,55.88
Seychelles,2015,49.39
Seychelles,2016,49.39
Seychelles,2017,51.25
Sierra Leone,2004,36.08
Sierra Leone,2005,36.08
Sierra Leone,2006,36.08
Sierra Leone,2007,36.08
Sierra Leone,2008,36.08
Sierra Leone,2009,36.08
Sierra Leone,2010,36.08
Sierra Leone,2011,36.08
Sierra Leone,2012,37.12
Sierra Leone,2013,37.12
Sierra Leone,2014,55.68
Sierra Leone,2015,55.92
Sierra Leone,2016,55.92
Sierra Leone,2017,55.92
Singapore,2004,93.36
Singapore,2005,93.36
Singapore,2006,93.36
Singapore,2007,93.36
Singapore,2008,93.36
Singapore,2009,89.54
Singapore,2010,89.54
Singapore,2011,89.54
Singapore,2012,89.54
Singapore,2013,89.16
Singapore,2014,89.16
Singapore,2015,83.61
Singapore,2016,83.61
Singapore,2017,83.61
Slovakia,2004,63.28
Slovakia,2005,65.74
Slovakia,2006,65.74
Slovakia,2007,65.74
Slovakia,2008,65.74
Slovakia,2009,65.74
Slovakia,2010,64.13
Slovakia,2011,64.13
Slovakia,2012,64.13
Slovakia,2013,64.68
Slovakia,2014,64.68
Slovakia,2015,58.92
Slovakia,2016,58.92
Slovakia,2017,58.92
Slovenia,2004,47.86
Slovenia,2005,47.86
Slovenia,2006,48.27
Slovenia,2007,48.27
Slovenia,2008,48.27
Slovenia,2009,48.27
Slovenia,2010,51.85
Slovenia,2011,51.85
Slovenia,2012,51.85
Slovenia,2013,51.85
Slovenia,2014,52.4
Slovenia,2015,49.97
Slovenia,2016,52.97
Slovenia,2017,52.97
Solomon Islands,2004,44.63
Solomon Islands,2005,44.63
Solomon Islands,2006,44.63
Solomon Islands,2007,44.63
Solomon Islands,2008,44.64
Solomon Islands,2009,44.63
Solomon Islands,2010,44.63
Solomon Islands,2011,44.63
Solomon Islands,2012,44.63
Solomon Islands,2013,44.63
Solomon Islands,2014,44.63
Solomon Islands,2015,44.63
Solomon Islands,2016,44.63
Solomon Islands,2017,44.63
Somalia,2016,54.58
Somalia,2017,54.58
South Africa,2004,65.1
South Africa,2005,65.1
South Africa,2006,65.1
South Africa,2007,65.1
South Africa,2008,65.1
South Africa,2009,65.1
South Africa,2010,65.1
South Africa,2011,66.14
South Africa,2012,66.14
South Africa,2013,66.14
South Africa,2014,66.14
South Africa,2015,54.1
South Africa,2016,54.1
South Africa,2017,54.1
South Korea,2004,78.73
South Korea,2005,78.73
South Korea,2006,78.73
South Korea,2007,78.73
South Korea,2008,78.73
South Korea,2009,78.73
South Korea,2010,78.73
South Korea,2011,78.73
South Korea,2012,80.81
South Korea,2013,79.17
South Korea,2014,79.17
South Korea,2015,84.15
South Korea,2016,84.15
South Korea,2017,84.15
South Sudan,2013,57.71
South Sudan,2014,57.71
South Sudan,2015,59.91
South Sudan,2016,59.91
South Sudan,2017,59.91
Spain,2004,60.92
Spain,2005,60.92
Spain,2006,60.92
Spain,2007,60.92
Spain,2008,61.96
Spain,2009,61.96
Spain,2010,61.96
Spain,2011,63
Spain,2012,63
Spain,2013,63.14
Spain,2014,62.65
Spain,2015,67.63
Spain,2016,67.63
Spain,2017,69.48
Sri Lanka,2004,38.96
Sri Lanka,2005,38.96
Sri Lanka,2006,38.96
Sri Lanka,2007,38.96
Sri Lanka,2008,38.96
Sri Lanka,2009,38.96
Sri Lanka,2010,38.96
Sri Lanka,2011,38.96
Sri Lanka,2012,38.96
Sri Lanka,2013,38.96
Sri Lanka,2014,38.96
Sri Lanka,2015,39.31
Sri Lanka,2016,39.31
Sri Lanka,2017,39.31
Sudan,2005,40.43
Sudan,2006,40.43
Sudan,2007,40.43
Sudan,2008,40.43
Sudan,2009,40.43
Sudan,2010,40.43
Sudan,2011,40.43
Sudan,2012,40.43
Sudan,2013,40.43
Sudan,2014,40.43
Sudan,2015,48.76
Sudan,2016,46.91
Sudan,2017,46.91
Suriname,2006,28.84
Suriname,2007,28.84
Suriname,2008,28.84
Suriname,2009,28.84
Suriname,2010,28.84
Suriname,2011,28.84
Suriname,2012,28.84
Suriname,2013,28.84
Suriname,2014,28.84
Suriname,2015,25.94
Suriname,2016,25.94
Suriname,2017,25.94
Swaziland,2006,35.93
Swaziland,2007,35.93
Swaziland,2008,35.93
Swaziland,2009,35.93
Swaziland,2010,35.93
Swaziland,2011,35.93
Swaziland,2012,35.93
Swaziland,2013,36.37
Swaziland,2014,36.37
Swaziland,2015,33.94
Swaziland,2016,33.94
Swaziland,2017,33.94
Sweden,2004,67.28
Sweden,2005,67.28
Sweden,2006,67.28
Sweden,2007,67.28
Sweden,2008,67.28
Sweden,2009,67.28
Sweden,2010,72.62
Sweden,2011,72.62
Sweden,2012,72.62
Sweden,2013,72.62
Sweden,2014,72.43
Sweden,2015,71.74
Sweden,2016,72.04
Sweden,2017,72.04
Switzerland,2004,71.7
Switzerland,2005,71.7
Switzerland,2006,71.7
Switzerland,2007,71.7
Switzerland,2008,71.7
Switzerland,2009,70.65
Switzerland,2010,70.65
Switzerland,2011,70.65
Switzerland,2012,71.38
Switzerland,2013,71.38
Switzerland,2014,71.38
Switzerland,2015,67.1
Switzerland,2016,67.1
Switzerland,2017,67.1
Syria,2004,35.17
Syria,2005,35.17
Syria,2006,35.17
Syria,2007,35.17
Syria,2008,35.17
Syria,2009,35.17
Syria,2010,35.17
Syria,2011,35.17
Syria,2012,35.17
Syria,2013,35.17
Syria,2014,35.17
Syria,2015,44.43
Syria,2016,42.58
Syria,2017,42.58
Taiwan,2004,57.75
Taiwan,2005,57.75
Taiwan,2006,57.75
Taiwan,2007,57.75
Taiwan,2008,57.75
Taiwan,2009,57.75
Taiwan,2010,57.75
Taiwan,2011,57.75
Taiwan,2012,57.75
Taiwan,2013,57.75
Taiwan,2014,57.75
Taiwan,2015,73.49
Taiwan,2016,73.49
Taiwan,2017,73.49
Tajikistan,2006,67.42
Tajikistan,2007,67.42
Tajikistan,2008,67.42
Tajikistan,2009,67.42
Tajikistan,2010,67.42
Tajikistan,2011,67.42
Tajikistan,2012,67.42
Tajikistan,2013,67.42
Tajikistan,2014,67.42
Tajikistan,2015,63.49
Tajikistan,2016,63.49
Tajikistan,2017,63.49
Tanzania,2004,66.17
Tanzania,2005,66.17
Tanzania,2006,66.17
Tanzania,2007,66.17
Tanzania,2008,66.17
Tanzania,2009,66.17
Tanzania,2010,66.17
Tanzania,2011,66.17
Tanzania,2012,66.17
Tanzania,2013,66.17
Tanzania,2014,66.17
Tanzania,2015,61.66
Tanzania,2016,61.66
Tanzania,2017,61.66
Thailand,2004,68.98
Thailand,2005,68.98
Thailand,2006,68.98
Thailand,2007,68.98
Thailand,2008,68.98
Thailand,2009,68.98
Thailand,2010,68.98
Thailand,2011,68.98
Thailand,2012,68.98
Thailand,2013,70.05
Thailand,2014,70.05
Thailand,2015,64.54
Thailand,2016,64.54
Thailand,2017,64.54
Timor Leste,2005,2.08
Timor Leste,2006,2.08
Timor Leste,2007,2.08
Timor Leste,2008,2.08
Timor Leste,2009,2.08
Timor Leste,2010,2.08
Timor Leste,2011,3.59
Timor Leste,2012,3.59
Timor Leste,2013,3.59
Timor Leste,2014,3.59
Timor Leste,2015,6.13
Timor Leste,2016,6.13
Timor Leste,2017,6.13
Togo,2004,48.61
Togo,2005,48.61
Togo,2006,48.61
Togo,2007,48.61
Togo,2008,48.61
Togo,2009,48.61
Togo,2010,48.61
Togo,2011,48.61
Togo,2012,48.61
Togo,2013,48.61
Togo,2014,49.65
Togo,2015,45.37
Togo,2016,48.1
Togo,2017,48.1
Tonga,2004,61.28
Tonga,2005,61.28
Tonga,2006,61.28
Tonga,2007,61.28
Tonga,2008,65.65
Tonga,2009,65.65
Tonga,2010,65.65
Tonga,2011,65.65
Tonga,2012,65.65
Tonga,2013,65.65
Tonga,2014,65.65
Tonga,2015,57.32
Tonga,2016,57.32
Tonga,2017,57.32
Trinidad and Tobago,2006,32.27
Trinidad and Tobago,2007,32.27
Trinidad and Tobago,2008,32.27
Trinidad and Tobago,2009,32.27
Trinidad and Tobago,2010,32.27
Trinidad and Tobago,2011,32.27
Trinidad and Tobago,2012,32.27
Trinidad and Tobago,2013,32.27
Trinidad and Tobago,2014,32.27
Trinidad and Tobago,2015,36.55
Trinidad and Tobago,2016,36.55
Trinidad and Tobago,2017,36.55
Tunisia,2004,60.96
Tunisia,2005,60.96
Tunisia,2006,60.96
Tunisia,2007,60.96
Tunisia,2008,60.96
Tunisia,2009,60.96
Tunisia,2010,60.96
Tunisia,2011,60.96
Tunisia,2012,60.96
Tunisia,2013,60.96
Tunisia,2014,60.96
Tunisia,2015,59.33
Tunisia,2016,59.33
Tunisia,2017,59.33
Turkey,2004,64.94
Turkey,2005,64.94
Turkey,2006,64.94
Turkey,2007,64.94
Turkey,2008,64.94
Turkey,2009,65.98
Turkey,2010,65.98
Turkey,2011,65.75
Turkey,2012,65.75
Turkey,2013,66.88
Turkey,2014,66.88
Turkey,2015,73.25
Turkey,2016,68.87
Turkey,2017,68.87
Uganda,2004,54.15
Uganda,2005,54.15
Uganda,2006,54.15
Uganda,2007,54.15
Uganda,2008,54.15
Uganda,2009,54.15
Uganda,2010,54.84
Uganda,2011,55.38
Uganda,2012,55.38
Uganda,2013,55.38
Uganda,2014,60.48
Uganda,2015,60.6
Uganda,2016,60.6
Uganda,2017,60.6
Ukraine,2004,68.71
Ukraine,2005,68.71
Ukraine,2006,68.71
Ukraine,2007,66.94
Ukraine,2008,66.94
Ukraine,2009,66.94
Ukraine,2010,67.19
Ukraine,2011,67.19
Ukraine,2012,67.19
Ukraine,2013,67.19
Ukraine,2014,66.25
Ukraine,2015,57.11
Ukraine,2016,57.11
Ukraine,2017,58.96
United Arab Emirates,2004,51.12
United Arab Emirates,2005,51.12
United Arab Emirates,2006,51.12
United Arab Emirates,2007,51.12
United Arab Emirates,2008,51.12
United Arab Emirates,2009,52.17
United Arab Emirates,2010,52.17
United Arab Emirates,2011,52.17
United Arab Emirates,2012,52.17
United Arab Emirates,2013,52.52
United Arab Emirates,2014,52.52
United Arab Emirates,2015,70.58
United Arab Emirates,2016,71.37
United Arab Emirates,2017,71.14
United Kingdom,2004,70.61
United Kingdom,2005,69.11
United Kingdom,2006,67.61
United Kingdom,2007,66.86
United Kingdom,2008,66.68
United Kingdom,2009,66.68
United Kingdom,2010,66.81
United Kingdom,2011,68.9
United Kingdom,2012,69.12
United Kingdom,2013,68.08
United Kingdom,2014,68.08
United Kingdom,2015,70.86
United Kingdom,2016,69.36
United Kingdom,2017,69.36
United States,2004,77.22
United States,2005,77.22
United States,2006,77.22
United States,2007,78.26
United States,2008,76.76
United States,2009,76.76
United States,2010,76.76
United States,2011,76.76
United States,2012,76.76
United States,2013,74.85
United States,2014,67.26
United States,2015,72.61
United States,2016,72.61
United States,2017,72.61
Uruguay,2004,55.15
Uruguay,2005,55.15
Uruguay,2006,55.15
Uruguay,2007,55.15
Uruguay,2008,55.15
Uruguay,2009,55.15
Uruguay,2010,55.15
Uruguay,2011,55.15
Uruguay,2012,55.15
Uruguay,2013,55.02
Uruguay,2014,55.02
Uruguay,2015,54.44
Uruguay,2016,54.44
Uruguay,2017,54.44
Uzbekistan,2004,66.97
Uzbekistan,2005,66.97
Uzbekistan,2006,66.97
Uzbekistan,2007,66.97
Uzbekistan,2008,66.97
Uzbekistan,2009,67.61
Uzbekistan,2010,67.61
Uzbekistan,2011,67.61
Uzbekistan,2012,67.61
Uzbekistan,2013,67.61
Uzbekistan,2014,68.65
Uzbekistan,2015,67.26
Uzbekistan,2016,67.26
Uzbekistan,2017,67.26
Vanuatu,2004,61.2
Vanuatu,2005,61.2
Vanuatu,2006,61.2
Vanuatu,2007,61.2
Vanuatu,2008,61.2
Vanuatu,2009,61.2
Vanuatu,2010,61.2
Vanuatu,2011,61.2
Vanuatu,2012,61.2
Vanuatu,2013,61.2
Vanuatu,2014,61.2
Vanuatu,2015,51.13
Vanuatu,2016,51.13
Vanuatu,2017,51.13
Venezuela,2004,63.62
Venezuela,2005,63.62
Venezuela,2006,63.62
Venezuela,2007,63.62
Venezuela,2008,63.62
Venezuela,2009,63.62
Venezuela,2010,63.62
Venezuela,2011,63.62
Venezuela,2012,63.62
Venezuela,2013,62.26
Venezuela,2014,60.89
Venezuela,2015,48.97
Venezuela,2016,48.97
Venezuela,2017,48.97
Vietnam,2004,63.47
Vietnam,2005,63.47
Vietnam,2006,65.14
Vietnam,2007,65.14
Vietnam,2008,65.14
Vietnam,2009,65.14
Vietnam,2010,66.08
Vietnam,2011,66.08
Vietnam,2012,66.08
Vietnam,2013,65.89
Vietnam,2014,65.89
Vietnam,2015,60.22
Vietnam,2016,60.22
Vietnam,2017,60.22
West Bank and Gaza,2005,50.11
West Bank and Gaza,2006,50.11
West Bank and Gaza,2007,50.11
West Bank and Gaza,2008,50.11
West Bank and Gaza,2009,50.11
West Bank and Gaza,2010,52.84
West Bank and Gaza,2011,54.48
West Bank and Gaza,2012,54.48
West Bank and Gaza,2013,54.48
West Bank and Gaza,2014,54.48
West Bank and Gaza,2015,54.36
West Bank and Gaza,2016,52.51
West Bank and Gaza,2017,52.51
Yemen,2004,63.55
Yemen,2005,63.55
Yemen,2006,63.55
Yemen,2007,63.55
Yemen,2008,63.55
Yemen,2009,63.55
Yemen,2010,63.55
Yemen,2011,63.55
Yemen,2012,63.55
Yemen,2013,60.13
Yemen,2014,60.13
Yemen,2015,50.37
Yemen,2016,48.52
Yemen,2017,48.52
Zambia,2004,61.35
Zambia,2005,61.35
Zambia,2006,61.35
Zambia,2007,61.35
Zambia,2008,61.35
Zambia,2009,57.53
Zambia,2010,57.53
Zambia,2011,57.53
Zambia,2012,57.53
Zambia,2013,57.53
Zambia,2014,57.53
Zambia,2015,49.89
Zambia,2016,49.89
Zambia,2017,49.89
Zimbabwe,2004,62.41
Zimbabwe,2005,62.41
Zimbabwe,2006,62.41
Zimbabwe,2007,62.41
Zimbabwe,2008,62.42
Zimbabwe,2009,62.41
Zimbabwe,2010,62.41
Zimbabwe,2011,41.03
Zimbabwe,2012,41.03
Zimbabwe,2013,41.03
Zimbabwe,2014,43.25
Zimbabwe,2015,38.73
Zimbabwe,2016,38.73
Zimbabwe,2017,38.73
