Country,Year,Economic Freedom Score
Albania,1990,4.58
Albania,1995,5.01
Albania,2000,6.53
Albania,2001,6.6
Albania,2002,6.85
Albania,2003,7.37
Albania,2004,6.97
Albania,2005,6.96
Albania,2006,7.14
Albania,2007,7.21
Albania,2008,7.22
Albania,2009,7.31
Albania,2010,7.35
Albania,2011,7.24
Albania,2012,7.2
Albania,2013,7.27
Albania,2014,7.48
Albania,2015,7.53
Albania,2016,7.54
Algeria,1980,3.79
Algeria,1985,3.59
Algeria,1990,3.33
Algeria,1995,3.94
Algeria,2000,4.91
Algeria,2001,4.99
Algeria,2002,4.94
Algeria,2003,4.95
Algeria,2004,5.04
Algeria,2005,5.63
Algeria,2006,5.68
Algeria,2007,5.36
Algeria,2008,5.16
Algeria,2009,5.18
Algeria,2010,5.07
Algeria,2011,5.06
Algeria,2012,4.95
Algeria,2013,5.04
Algeria,2014,5.01
Algeria,2015,4.83
Algeria,2016,4.99
Angola,2005,3.81
Angola,2006,4.44
Angola,2007,4.57
Angola,2008,4.41
Angola,2009,5.14
Angola,2010,5.3
Angola,2011,5.16
Angola,2012,5.28
Angola,2013,5.25
Angola,2014,5.13
Angola,2015,5.44
Angola,2016,5.17
Argentina,1970,5.67
Argentina,1975,3.13
Argentina,1980,4.25
Argentina,1985,3.53
Argentina,1990,4.47
Argentina,1995,6.95
Argentina,2000,7.34
Argentina,2001,6.84
Argentina,2002,6.28
Argentina,2003,6.16
Argentina,2004,6.33
Argentina,2005,5.99
Argentina,2006,6.08
Argentina,2007,6.19
Argentina,2008,5.88
Argentina,2009,5.82
Argentina,2010,5.59
Argentina,2011,5.58
Argentina,2012,5.04
Argentina,2013,4.88
Argentina,2014,4.49
Argentina,2015,4.98
Argentina,2016,4.84
Armenia,2004,7.36
Armenia,2005,7.31
Armenia,2006,7.45
Armenia,2007,7.42
Armenia,2008,7.59
Armenia,2009,7.55
Armenia,2010,7.56
Armenia,2011,7.71
Armenia,2012,7.75
Armenia,2013,7.69
Armenia,2014,7.7
Armenia,2015,7.59
Armenia,2016,7.57
Australia,1970,6.93
Australia,1975,6.06
Australia,1980,6.85
Australia,1985,7.16
Australia,1990,7.73
Australia,1995,7.95
Australia,2000,8.19
Australia,2001,8.07
Australia,2002,8.05
Australia,2003,8.06
Australia,2004,8.01
Australia,2005,8.07
Australia,2006,8.14
Australia,2007,8.18
Australia,2008,8.08
Australia,2009,7.97
Australia,2010,8.02
Australia,2011,8.01
Australia,2012,7.96
Australia,2013,7.92
Australia,2014,8.02
Australia,2015,8
Australia,2016,7.98
Austria,1970,6.51
Austria,1975,6.04
Austria,1980,6.45
Austria,1985,6.46
Austria,1990,6.95
Austria,1995,7.15
Austria,2000,7.96
Austria,2001,7.84
Austria,2002,7.8
Austria,2003,7.94
Austria,2004,7.9
Austria,2005,7.85
Austria,2006,7.85
Austria,2007,7.81
Austria,2008,7.7
Austria,2009,7.66
Austria,2010,7.62
Austria,2011,7.65
Austria,2012,7.62
Austria,2013,7.63
Austria,2014,7.68
Austria,2015,7.64
Austria,2016,7.58
Azerbaijan,2004,6.19
Azerbaijan,2005,6.01
Azerbaijan,2006,6.1
Azerbaijan,2007,6.11
Azerbaijan,2008,6.15
Azerbaijan,2009,6.06
Azerbaijan,2010,5.97
Azerbaijan,2011,6.15
Azerbaijan,2012,6.32
Azerbaijan,2013,6.2
Azerbaijan,2014,6.4
Azerbaijan,2015,6.38
Azerbaijan,2016,6.49
Bahamas,1975,6.43
Bahamas,1980,6.28
Bahamas,1985,6.32
Bahamas,1990,6.44
Bahamas,1995,6.41
Bahamas,2000,6.66
Bahamas,2001,6.75
Bahamas,2002,6.72
Bahamas,2003,7.07
Bahamas,2004,7.18
Bahamas,2005,7.38
Bahamas,2006,7.46
Bahamas,2007,7.55
Bahamas,2008,7.58
Bahamas,2009,7.49
Bahamas,2010,7.38
Bahamas,2011,7.32
Bahamas,2012,7.31
Bahamas,2013,7.33
Bahamas,2014,7.32
Bahamas,2015,7.35
Bahamas,2016,7.34
Bahrain,1980,7.39
Bahrain,1985,6.6
Bahrain,1990,6.62
Bahrain,1995,6.91
Bahrain,2000,7.42
Bahrain,2001,7.33
Bahrain,2002,7.33
Bahrain,2003,7.2
Bahrain,2004,7.02
Bahrain,2005,6.89
Bahrain,2006,7.35
Bahrain,2007,7.52
Bahrain,2008,7.42
Bahrain,2009,7.29
Bahrain,2010,7.47
Bahrain,2011,7.49
Bahrain,2012,7.33
Bahrain,2013,7.33
Bahrain,2014,7.36
Bahrain,2015,7.37
Bahrain,2016,7.56
Bangladesh,1975,3.29
Bangladesh,1980,3.28
Bangladesh,1985,3.59
Bangladesh,1990,4.45
Bangladesh,1995,5.3
Bangladesh,2000,5.91
Bangladesh,2001,5.81
Bangladesh,2002,5.89
Bangladesh,2003,5.82
Bangladesh,2004,5.72
Bangladesh,2005,6.02
Bangladesh,2006,6.18
Bangladesh,2007,6.06
Bangladesh,2008,6.07
Bangladesh,2009,6.3
Bangladesh,2010,6.35
Bangladesh,2011,6.34
Bangladesh,2012,6.24
Bangladesh,2013,6.37
Bangladesh,2014,6.3
Bangladesh,2015,6.33
Bangladesh,2016,6.3
Barbados,1975,5.67
Barbados,1980,5.72
Barbados,1985,6.06
Barbados,1990,5.99
Barbados,1995,6.01
Barbados,2000,6.13
Barbados,2001,6.15
Barbados,2002,6.05
Barbados,2003,5.83
Barbados,2004,6.13
Barbados,2005,6.31
Barbados,2006,6.1
Barbados,2007,6.12
Barbados,2008,6.22
Barbados,2009,6.56
Barbados,2010,6.63
Barbados,2011,6.63
Barbados,2012,6.67
Barbados,2013,6.68
Barbados,2014,6.63
Barbados,2015,6.5
Barbados,2016,6.43
Belarus,2016,6.23
Belgium,1970,7.44
Belgium,1975,6.75
Belgium,1980,7.35
Belgium,1985,7.32
Belgium,1990,7.56
Belgium,1995,7.32
Belgium,2000,7.76
Belgium,2001,7.41
Belgium,2002,7.52
Belgium,2003,7.55
Belgium,2004,7.47
Belgium,2005,7.41
Belgium,2006,7.39
Belgium,2007,7.38
Belgium,2008,7.3
Belgium,2009,7.28
Belgium,2010,7.39
Belgium,2011,7.38
Belgium,2012,7.35
Belgium,2013,7.37
Belgium,2014,7.59
Belgium,2015,7.43
Belgium,2016,7.32
Belize,1980,5.59
Belize,1985,5.4
Belize,1990,5.9
Belize,1995,6.63
Belize,2000,6.39
Belize,2001,6.28
Belize,2002,6.49
Belize,2003,6.56
Belize,2004,7.02
Belize,2005,7.37
Belize,2006,7.27
Belize,2007,7.34
Belize,2008,7.32
Belize,2009,7.07
Belize,2010,6.52
Belize,2011,7.12
Belize,2012,7.13
Belize,2013,7.03
Belize,2014,6.9
Belize,2015,6.81
Belize,2016,6.86
Benin,1980,4.56
Benin,1985,4.26
Benin,1990,4.54
Benin,1995,4.2
Benin,2000,5.25
Benin,2001,5.57
Benin,2002,6.04
Benin,2003,6.03
Benin,2004,5.91
Benin,2005,6
Benin,2006,6.28
Benin,2007,6.14
Benin,2008,5.99
Benin,2009,6.1
Benin,2010,6.05
Benin,2011,6
Benin,2012,5.74
Benin,2013,6.44
Benin,2014,5.94
Benin,2015,5.78
Benin,2016,5.98
Bhutan,2013,6.93
Bhutan,2014,6.99
Bhutan,2015,7.11
Bhutan,2016,7.02
Bolivia,1980,4.08
Bolivia,1985,3.52
Bolivia,1990,5.62
Bolivia,1995,6.84
Bolivia,2000,6.97
Bolivia,2001,6.88
Bolivia,2002,6.57
Bolivia,2003,6.47
Bolivia,2004,6.45
Bolivia,2005,6.34
Bolivia,2006,6.37
Bolivia,2007,6.14
Bolivia,2008,6.09
Bolivia,2009,6.3
Bolivia,2010,6.35
Bolivia,2011,6.31
Bolivia,2012,6.38
Bolivia,2013,6.4
Bolivia,2014,6.21
Bolivia,2015,6.05
Bolivia,2016,6.23
Bosnia and Herzegovina,2005,6.18
Bosnia and Herzegovina,2006,6.48
Bosnia and Herzegovina,2007,6.61
Bosnia and Herzegovina,2008,6.56
Bosnia and Herzegovina,2009,6.56
Bosnia and Herzegovina,2010,6.63
Bosnia and Herzegovina,2011,6.7
Bosnia and Herzegovina,2012,6.79
Bosnia and Herzegovina,2013,6.61
Bosnia and Herzegovina,2014,6.78
Bosnia and Herzegovina,2015,6.63
Bosnia and Herzegovina,2016,6.6
Botswana,1980,5.34
Botswana,1985,5.66
Botswana,1990,5.92
Botswana,1995,6.4
Botswana,2000,7.44
Botswana,2001,7.2
Botswana,2002,7.22
Botswana,2003,7.05
Botswana,2004,7.1
Botswana,2005,7.09
Botswana,2006,6.99
Botswana,2007,7.12
Botswana,2008,6.85
Botswana,2009,6.76
Botswana,2010,7.02
Botswana,2011,7.22
Botswana,2012,7.25
Botswana,2013,7.27
Botswana,2014,7.24
Botswana,2015,7.35
Botswana,2016,7.43
Brazil,1970,5.28
Brazil,1975,4.19
Brazil,1980,3.92
Brazil,1985,2.96
Brazil,1990,4.23
Brazil,1995,4.66
Brazil,2000,5.98
Brazil,2001,5.98
Brazil,2002,6.23
Brazil,2003,6.08
Brazil,2004,6.15
Brazil,2005,6.18
Brazil,2006,6.15
Brazil,2007,6.17
Brazil,2008,6.31
Brazil,2009,6.24
Brazil,2010,6.46
Brazil,2011,6.45
Brazil,2012,6.24
Brazil,2013,6.05
Brazil,2014,5.93
Brazil,2015,5.75
Brazil,2016,5.75
Brunei,2010,7.07
Brunei,2011,6.92
Brunei,2012,7.07
Brunei,2013,6.75
Brunei,2014,6.89
Brunei,2015,6.77
Brunei,2016,6.93
Bulgaria,1985,5.65
Bulgaria,1990,4.17
Bulgaria,1995,4.82
Bulgaria,2000,5.55
Bulgaria,2001,6.11
Bulgaria,2002,6.58
Bulgaria,2003,6.81
Bulgaria,2004,6.81
Bulgaria,2005,6.95
Bulgaria,2006,7.08
Bulgaria,2007,7.1
Bulgaria,2008,7.17
Bulgaria,2009,7.29
Bulgaria,2010,7.3
Bulgaria,2011,7.37
Bulgaria,2012,7.37
Bulgaria,2013,7.33
Bulgaria,2014,7.37
Bulgaria,2015,7.4
Bulgaria,2016,7.41
Burkina Faso,2005,5.85
Burkina Faso,2006,5.84
Burkina Faso,2007,5.99
Burkina Faso,2008,5.95
Burkina Faso,2009,5.9
Burkina Faso,2010,5.93
Burkina Faso,2011,5.95
Burkina Faso,2012,5.81
Burkina Faso,2013,5.96
Burkina Faso,2014,6.02
Burkina Faso,2015,6.03
Burkina Faso,2016,6.05
Burma (Myanmar),1980,3.81
Burma (Myanmar),1985,3.52
Burma (Myanmar),1990,2.66
Burma (Myanmar),1995,3.21
Burma (Myanmar),2000,3.65
Burma (Myanmar),2001,3.72
Burma (Myanmar),2002,3.34
Burma (Myanmar),2003,3.45
Burma (Myanmar),2004,3.79
Burma (Myanmar),2005,3.99
Burma (Myanmar),2006,4.31
Burma (Myanmar),2007,3.73
Burma (Myanmar),2008,3.86
Burma (Myanmar),2009,4.22
Burma (Myanmar),2010,4.06
Burma (Myanmar),2011,4.44
Burma (Myanmar),2012,5
Burma (Myanmar),2013,5.35
Burma (Myanmar),2014,5.36
Burma (Myanmar),2015,5.32
Burma (Myanmar),2016,5.42
Burundi,1975,3.97
Burundi,1980,3.92
Burundi,1985,4.44
Burundi,1990,4.66
Burundi,1995,4.3
Burundi,2000,4.8
Burundi,2001,5.07
Burundi,2002,5.01
Burundi,2003,4.82
Burundi,2004,4.88
Burundi,2005,5.06
Burundi,2006,5.53
Burundi,2007,5.46
Burundi,2008,5.01
Burundi,2009,5.43
Burundi,2010,5.18
Burundi,2011,5.23
Burundi,2012,5.22
Burundi,2013,5.96
Burundi,2014,5.97
Burundi,2015,5.87
Burundi,2016,5.92
Cambodia,2010,7.08
Cambodia,2011,6.98
Cambodia,2012,6.92
Cambodia,2013,7.17
Cambodia,2014,7.16
Cambodia,2015,7.2
Cambodia,2016,7.17
Cameroon,1980,5.55
Cameroon,1985,5.43
Cameroon,1990,5.5
Cameroon,1995,5.33
Cameroon,2000,5.61
Cameroon,2001,5.78
Cameroon,2002,5.68
Cameroon,2003,5.75
Cameroon,2004,5.79
Cameroon,2005,5.65
Cameroon,2006,5.8
Cameroon,2007,5.68
Cameroon,2008,5.57
Cameroon,2009,5.85
Cameroon,2010,6.08
Cameroon,2011,6.03
Cameroon,2012,6.05
Cameroon,2013,5.95
Cameroon,2014,5.9
Cameroon,2015,5.79
Cameroon,2016,5.82
Canada,1970,8
Canada,1975,7.2
Canada,1980,7.77
Canada,1985,7.87
Canada,1990,8.17
Canada,1995,8.08
Canada,2000,8.27
Canada,2001,8.2
Canada,2002,8.06
Canada,2003,8.16
Canada,2004,8.17
Canada,2005,8.12
Canada,2006,8.13
Canada,2007,8.09
Canada,2008,8.04
Canada,2009,8.01
Canada,2010,8.01
Canada,2011,7.95
Canada,2012,7.99
Canada,2013,8.03
Canada,2014,8.22
Canada,2015,7.91
Canada,2016,7.98
Cape Verde,2010,6.38
Cape Verde,2011,6.53
Cape Verde,2012,6.56
Cape Verde,2013,6.62
Cape Verde,2014,6.56
Cape Verde,2015,6.67
Cape Verde,2016,6.68
Central African Republic,1980,4.29
Central African Republic,1985,4.39
Central African Republic,1990,4.87
Central African Republic,1995,4.63
Central African Republic,2000,5.09
Central African Republic,2001,5.2
Central African Republic,2002,4.95
Central African Republic,2003,5.43
Central African Republic,2004,5.29
Central African Republic,2005,4.74
Central African Republic,2006,4.93
Central African Republic,2007,5.19
Central African Republic,2008,5.18
Central African Republic,2009,5.2
Central African Republic,2010,5.04
Central African Republic,2011,5.06
Central African Republic,2012,4.93
Central African Republic,2013,5.71
Central African Republic,2014,5.16
Central African Republic,2015,4.63
Central African Republic,2016,5.11
Chad,1985,4.45
Chad,1990,5.13
Chad,1995,5.09
Chad,2000,5.43
Chad,2001,5.42
Chad,2002,5.67
Chad,2003,5.58
Chad,2004,5.43
Chad,2005,5.17
Chad,2006,5.17
Chad,2007,4.97
Chad,2008,4.84
Chad,2009,5.16
Chad,2010,5.44
Chad,2011,4.97
Chad,2012,4.72
Chad,2013,4.99
Chad,2014,4.97
Chad,2015,5.23
Chad,2016,5.44
Chile,1970,3.58
Chile,1975,3.34
Chile,1980,5.05
Chile,1985,5.55
Chile,1990,6.61
Chile,1995,7.37
Chile,2000,7.36
Chile,2001,7.37
Chile,2002,7.6
Chile,2003,7.76
Chile,2004,7.71
Chile,2005,7.74
Chile,2006,7.76
Chile,2007,7.87
Chile,2008,7.8
Chile,2009,7.87
Chile,2010,7.89
Chile,2011,7.91
Chile,2012,7.81
Chile,2013,7.88
Chile,2014,7.84
Chile,2015,7.79
Chile,2016,7.8
China,1980,3.64
China,1985,4.82
China,1990,4.09
China,1995,5.07
China,2000,5.75
China,2001,5.84
China,2002,6.09
China,2003,6.15
China,2004,5.98
China,2005,6.07
China,2006,6.16
China,2007,6.28
China,2008,6.27
China,2009,6.31
China,2010,6.26
China,2011,6.32
China,2012,6.37
China,2013,6.39
China,2014,6.38
China,2015,6.39
China,2016,6.46
Colombia,1970,4.81
Colombia,1975,4.62
Colombia,1980,4.59
Colombia,1985,5.06
Colombia,1990,5.02
Colombia,1995,5.48
Colombia,2000,5.67
Colombia,2001,6.23
Colombia,2002,6.27
Colombia,2003,6.4
Colombia,2004,6.35
Colombia,2005,6.34
Colombia,2006,6.51
Colombia,2007,6.66
Colombia,2008,6.6
Colombia,2009,6.7
Colombia,2010,6.74
Colombia,2011,6.82
Colombia,2012,6.72
Colombia,2013,6.67
Colombia,2014,6.58
Colombia,2015,6.55
Colombia,2016,6.5
Congo (Brazzaville),1980,4.67
Congo (Brazzaville),1985,4.3
Congo (Brazzaville),1990,4.77
Congo (Brazzaville),1995,4.96
Congo (Brazzaville),2000,4.26
Congo (Brazzaville),2001,4.66
Congo (Brazzaville),2002,4.5
Congo (Brazzaville),2003,4.72
Congo (Brazzaville),2004,4.55
Congo (Brazzaville),2005,4.54
Congo (Brazzaville),2006,4.63
Congo (Brazzaville),2007,4.53
Congo (Brazzaville),2008,4.69
Congo (Brazzaville),2009,4.9
Congo (Brazzaville),2010,4.74
Congo (Brazzaville),2011,4.48
Congo (Brazzaville),2012,4.39
Congo (Brazzaville),2013,4.55
Congo (Brazzaville),2014,4.69
Congo (Brazzaville),2015,4.81
Congo (Brazzaville),2016,5.02
Congo (Kinshasa),1970,4.26
Congo (Kinshasa),1975,3.92
Congo (Kinshasa),1980,2.84
Congo (Kinshasa),1985,3.53
Congo (Kinshasa),1990,3.12
Congo (Kinshasa),1995,3.41
Congo (Kinshasa),2000,4.01
Congo (Kinshasa),2001,3.93
Congo (Kinshasa),2002,4.84
Congo (Kinshasa),2003,4.94
Congo (Kinshasa),2004,4.64
Congo (Kinshasa),2005,4.61
Congo (Kinshasa),2006,5.08
Congo (Kinshasa),2007,5.18
Congo (Kinshasa),2008,5.16
Congo (Kinshasa),2009,5.28
Congo (Kinshasa),2010,5.38
Congo (Kinshasa),2011,5.28
Congo (Kinshasa),2012,5.2
Congo (Kinshasa),2013,5.36
Congo (Kinshasa),2014,5.23
Congo (Kinshasa),2015,5.78
Congo (Kinshasa),2016,5.67
Costa Rica,1975,6.7
Costa Rica,1980,5.52
Costa Rica,1985,5.33
Costa Rica,1990,6.98
Costa Rica,1995,7.33
Costa Rica,2000,7.46
Costa Rica,2001,7.32
Costa Rica,2002,7.18
Costa Rica,2003,7.4
Costa Rica,2004,7.22
Costa Rica,2005,7.56
Costa Rica,2006,7.76
Costa Rica,2007,7.59
Costa Rica,2008,7.37
Costa Rica,2009,7.37
Costa Rica,2010,7.28
Costa Rica,2011,7.57
Costa Rica,2012,7.53
Costa Rica,2013,7.48
Costa Rica,2014,7.5
Costa Rica,2015,7.51
Costa Rica,2016,7.55
Croatia,1995,5.08
Croatia,2000,6.28
Croatia,2001,6
Croatia,2002,6.24
Croatia,2003,6.3
Croatia,2004,6.34
Croatia,2005,6.47
Croatia,2006,6.54
Croatia,2007,6.61
Croatia,2008,6.72
Croatia,2009,6.78
Croatia,2010,6.68
Croatia,2011,6.9
Croatia,2012,6.93
Croatia,2013,6.9
Croatia,2014,7
Croatia,2015,7.04
Croatia,2016,6.96
Cyprus,1975,6.04
Cyprus,1980,5.56
Cyprus,1985,5.52
Cyprus,1990,5.87
Cyprus,1995,6.34
Cyprus,2000,6.64
Cyprus,2001,6.65
Cyprus,2002,7.12
Cyprus,2003,7.01
Cyprus,2004,7.65
Cyprus,2005,7.56
Cyprus,2006,7.5
Cyprus,2007,7.77
Cyprus,2008,7.74
Cyprus,2009,7.77
Cyprus,2010,7.73
Cyprus,2011,7.67
Cyprus,2012,7.47
Cyprus,2013,7.07
Cyprus,2014,7.33
Cyprus,2015,7.69
Cyprus,2016,7.71
Czech Republic,1995,5.76
Czech Republic,2000,6.74
Czech Republic,2001,6.82
Czech Republic,2002,6.87
Czech Republic,2003,6.82
Czech Republic,2004,6.94
Czech Republic,2005,6.98
Czech Republic,2006,7.03
Czech Republic,2007,7.17
Czech Republic,2008,7.21
Czech Republic,2009,7.17
Czech Republic,2010,7.22
Czech Republic,2011,7.26
Czech Republic,2012,7.42
Czech Republic,2013,7.37
Czech Republic,2014,7.46
Czech Republic,2015,7.49
Czech Republic,2016,7.56
Denmark,1970,7.39
Denmark,1975,6.09
Denmark,1980,6.24
Denmark,1985,6.37
Denmark,1990,7.16
Denmark,1995,7.73
Denmark,2000,8.06
Denmark,2001,7.88
Denmark,2002,7.88
Denmark,2003,8.01
Denmark,2004,8
Denmark,2005,7.89
Denmark,2006,7.97
Denmark,2007,7.97
Denmark,2008,7.88
Denmark,2009,7.66
Denmark,2010,7.77
Denmark,2011,7.71
Denmark,2012,7.56
Denmark,2013,7.68
Denmark,2014,7.81
Denmark,2015,7.75
Denmark,2016,7.77
Dominican Republic,1980,5.59
Dominican Republic,1985,5.33
Dominican Republic,1990,4.42
Dominican Republic,1995,6.12
Dominican Republic,2000,6.82
Dominican Republic,2001,6.97
Dominican Republic,2002,6.76
Dominican Republic,2003,6.31
Dominican Republic,2004,5.79
Dominican Republic,2005,6.52
Dominican Republic,2006,6.43
Dominican Republic,2007,6.5
Dominican Republic,2008,6.46
Dominican Republic,2009,6.95
Dominican Republic,2010,7.16
Dominican Republic,2011,7.18
Dominican Republic,2012,7.03
Dominican Republic,2013,7.24
Dominican Republic,2014,7.26
Dominican Republic,2015,7.24
Dominican Republic,2016,7.18
Ecuador,1970,4.22
Ecuador,1975,5.31
Ecuador,1980,5.7
Ecuador,1985,4.6
Ecuador,1990,5.47
Ecuador,1995,6.31
Ecuador,2000,5.86
Ecuador,2001,5.76
Ecuador,2002,6.25
Ecuador,2003,6.25
Ecuador,2004,5.68
Ecuador,2005,5.94
Ecuador,2006,5.99
Ecuador,2007,5.83
Ecuador,2008,6.02
Ecuador,2009,5.92
Ecuador,2010,5.87
Ecuador,2011,5.88
Ecuador,2012,6.03
Ecuador,2013,5.88
Ecuador,2014,5.66
Ecuador,2015,6.09
Ecuador,2016,6.06
Egypt,1975,3.75
Egypt,1980,4.32
Egypt,1985,4.72
Egypt,1990,4.41
Egypt,1995,5.79
Egypt,2000,6.51
Egypt,2001,6.3
Egypt,2002,5.99
Egypt,2003,5.87
Egypt,2004,5.98
Egypt,2005,6.29
Egypt,2006,6.4
Egypt,2007,6.59
Egypt,2008,6.43
Egypt,2009,6.21
Egypt,2010,6.35
Egypt,2011,6.18
Egypt,2012,6.14
Egypt,2013,6.01
Egypt,2014,5.78
Egypt,2015,5.77
Egypt,2016,5.72
El Salvador,1980,4.12
El Salvador,1985,4.34
El Salvador,1990,4.81
El Salvador,1995,7.64
El Salvador,2000,7.72
El Salvador,2001,7.59
El Salvador,2002,7.52
El Salvador,2003,7.55
El Salvador,2004,7.64
El Salvador,2005,7.47
El Salvador,2006,7.57
El Salvador,2007,7.63
El Salvador,2008,7.53
El Salvador,2009,7.4
El Salvador,2010,7.21
El Salvador,2011,7.14
El Salvador,2012,7.09
El Salvador,2013,7.2
El Salvador,2014,7.35
El Salvador,2015,7.14
El Salvador,2016,7.15
Estonia,1995,6.23
Estonia,2000,7.6
Estonia,2001,7.67
Estonia,2002,7.72
Estonia,2003,7.84
Estonia,2004,7.98
Estonia,2005,7.96
Estonia,2006,7.97
Estonia,2007,7.85
Estonia,2008,7.77
Estonia,2009,7.7
Estonia,2010,7.82
Estonia,2011,7.74
Estonia,2012,7.68
Estonia,2013,7.7
Estonia,2014,7.79
Estonia,2015,7.93
Estonia,2016,7.86
Ethiopia,2005,5.54
Ethiopia,2006,5.68
Ethiopia,2007,5.74
Ethiopia,2008,5.35
Ethiopia,2009,5.78
Ethiopia,2010,5.6
Ethiopia,2011,5.16
Ethiopia,2012,5.58
Ethiopia,2013,5.53
Ethiopia,2014,5.46
Ethiopia,2015,5.55
Ethiopia,2016,5.73
Fiji,1975,5.27
Fiji,1980,5.57
Fiji,1985,5.97
Fiji,1990,5.72
Fiji,1995,6.11
Fiji,2000,6.65
Fiji,2001,6.51
Fiji,2002,6.57
Fiji,2003,6.53
Fiji,2004,6.73
Fiji,2005,7.32
Fiji,2006,7.13
Fiji,2007,7.2
Fiji,2008,7.26
Fiji,2009,7.08
Fiji,2010,6.93
Fiji,2011,7.04
Fiji,2012,6.84
Fiji,2013,6.44
Fiji,2014,6.63
Fiji,2015,6.82
Fiji,2016,6.79
Finland,1970,7.12
Finland,1975,6.05
Finland,1980,6.5
Finland,1985,6.77
Finland,1990,6.99
Finland,1995,7.52
Finland,2000,7.98
Finland,2001,7.9
Finland,2002,7.9
Finland,2003,7.9
Finland,2004,7.87
Finland,2005,7.86
Finland,2006,7.88
Finland,2007,7.91
Finland,2008,7.81
Finland,2009,7.71
Finland,2010,7.79
Finland,2011,7.87
Finland,2012,7.81
Finland,2013,7.7
Finland,2014,7.79
Finland,2015,7.71
Finland,2016,7.65
France,1970,6.51
France,1975,5.81
France,1980,6.05
France,1985,6.03
France,1990,7.04
France,1995,6.97
France,2000,7.47
France,2001,7.23
France,2002,7.32
France,2003,7.33
France,2004,7.38
France,2005,7.31
France,2006,7.32
France,2007,7.5
France,2008,7.42
France,2009,7.43
France,2010,7.42
France,2011,7.33
France,2012,7.27
France,2013,7.23
France,2014,7.36
France,2015,7.35
France,2016,7.25
Gabon,1980,4.38
Gabon,1985,5.28
Gabon,1990,5.39
Gabon,1995,5.3
Gabon,2000,5.71
Gabon,2001,5.56
Gabon,2002,5.4
Gabon,2003,5.47
Gabon,2004,5.69
Gabon,2005,5.71
Gabon,2006,5.89
Gabon,2007,5.81
Gabon,2008,5.85
Gabon,2009,5.8
Gabon,2010,5.54
Gabon,2011,5.44
Gabon,2012,5.37
Gabon,2013,5.42
Gabon,2014,5.57
Gabon,2015,5.78
Gabon,2016,5.84
Gambia,2010,7.24
Gambia,2011,7.04
Gambia,2012,6.87
Gambia,2013,7.32
Gambia,2014,7.35
Gambia,2015,7.22
Gambia,2016,7.34
Georgia,2003,7.11
Georgia,2004,6.96
Georgia,2005,7.42
Georgia,2006,7.6
Georgia,2007,7.46
Georgia,2008,7.57
Georgia,2009,7.41
Georgia,2010,7.5
Georgia,2011,7.64
Georgia,2012,7.75
Georgia,2013,7.87
Georgia,2014,8.02
Georgia,2015,7.98
Georgia,2016,8.02
Germany,1970,7.4
Germany,1975,6.76
Germany,1980,7.18
Germany,1985,7.27
Germany,1990,7.64
Germany,1995,7.62
Germany,2000,7.8
Germany,2001,7.65
Germany,2002,7.67
Germany,2003,7.76
Germany,2004,7.7
Germany,2005,7.75
Germany,2006,7.7
Germany,2007,7.58
Germany,2008,7.5
Germany,2009,7.55
Germany,2010,7.59
Germany,2011,7.68
Germany,2012,7.64
Germany,2013,7.66
Germany,2014,7.67
Germany,2015,7.67
Germany,2016,7.69
Ghana,1975,3.6
Ghana,1980,2.83
Ghana,1985,3.16
Ghana,1990,4.95
Ghana,1995,5.43
Ghana,2000,5.82
Ghana,2001,5.88
Ghana,2002,6.29
Ghana,2003,6.5
Ghana,2004,6.55
Ghana,2005,6.42
Ghana,2006,6.92
Ghana,2007,6.88
Ghana,2008,6.82
Ghana,2009,6.87
Ghana,2010,6.75
Ghana,2011,6.76
Ghana,2012,6.44
Ghana,2013,6.55
Ghana,2014,6.41
Ghana,2015,6.52
Ghana,2016,6.6
Greece,1970,6.47
Greece,1975,5.82
Greece,1980,5.72
Greece,1985,5.1
Greece,1990,5.95
Greece,1995,6.4
Greece,2000,6.97
Greece,2001,6.88
Greece,2002,7.01
Greece,2003,7.34
Greece,2004,7.26
Greece,2005,7.38
Greece,2006,7.27
Greece,2007,7.32
Greece,2008,7.1
Greece,2009,6.96
Greece,2010,6.81
Greece,2011,6.69
Greece,2012,6.67
Greece,2013,6.88
Greece,2014,6.81
Greece,2015,6.45
Greece,2016,6.46
Guatemala,1970,6.69
Guatemala,1975,7.24
Guatemala,1980,6.27
Guatemala,1985,5.01
Guatemala,1990,5.81
Guatemala,1995,7.15
Guatemala,2000,6.85
Guatemala,2001,6.89
Guatemala,2002,6.95
Guatemala,2003,7.05
Guatemala,2004,7.22
Guatemala,2005,7.22
Guatemala,2006,7.33
Guatemala,2007,7.34
Guatemala,2008,7.21
Guatemala,2009,7.15
Guatemala,2010,7.15
Guatemala,2011,7.22
Guatemala,2012,7.41
Guatemala,2013,7.66
Guatemala,2014,7.65
Guatemala,2015,7.69
Guatemala,2016,7.64
Guinea,2013,5.65
Guinea,2014,5.62
Guinea,2015,5.74
Guinea,2016,5.93
Guinea Bissau,1990,2.9
Guinea Bissau,1995,3.12
Guinea Bissau,2000,4.3
Guinea Bissau,2001,4.87
Guinea Bissau,2002,4.93
Guinea Bissau,2003,4.94
Guinea Bissau,2004,4.84
Guinea Bissau,2005,4.8
Guinea Bissau,2006,5.05
Guinea Bissau,2007,4.78
Guinea Bissau,2008,4.81
Guinea Bissau,2009,5.19
Guinea Bissau,2010,5.05
Guinea Bissau,2011,5.62
Guinea Bissau,2012,5.96
Guinea Bissau,2013,5.07
Guinea Bissau,2014,5.35
Guinea Bissau,2015,5.58
Guinea Bissau,2016,5.25
Guyana,1985,3.27
Guyana,1995,5
Guyana,2000,6.45
Guyana,2001,6.27
Guyana,2002,6.34
Guyana,2003,6.23
Guyana,2004,5.76
Guyana,2005,5.85
Guyana,2006,6
Guyana,2007,6.2
Guyana,2008,6.4
Guyana,2009,6.33
Guyana,2010,6.21
Guyana,2011,6.31
Guyana,2012,6.3
Guyana,2013,6.04
Guyana,2014,6.21
Guyana,2015,6.52
Guyana,2016,6.31
Haiti,1980,5.35
Haiti,1985,4.97
Haiti,1990,4.96
Haiti,1995,5.43
Haiti,2000,7.06
Haiti,2001,6.47
Haiti,2002,6.55
Haiti,2003,6.68
Haiti,2004,6.73
Haiti,2005,6.66
Haiti,2006,6.71
Haiti,2007,6.63
Haiti,2008,6.76
Haiti,2009,6.79
Haiti,2010,6.21
Haiti,2011,6.29
Haiti,2012,6
Haiti,2013,6.36
Haiti,2014,6.58
Haiti,2015,6.54
Haiti,2016,6.51
Honduras,1980,5.44
Honduras,1985,5.73
Honduras,1990,5.7
Honduras,1995,6.52
Honduras,2000,6.9
Honduras,2001,6.75
Honduras,2002,6.87
Honduras,2003,6.92
Honduras,2004,6.96
Honduras,2005,7.03
Honduras,2006,7.35
Honduras,2007,7.39
Honduras,2008,7.28
Honduras,2009,7.16
Honduras,2010,7.21
Honduras,2011,7.28
Honduras,2012,7.16
Honduras,2013,7.13
Honduras,2014,7.26
Honduras,2015,7.35
Honduras,2016,7.06
Hong Kong,1970,8.34
Hong Kong,1975,8.42
Hong Kong,1980,8.72
Hong Kong,1985,8.34
Hong Kong,1990,8.73
Hong Kong,1995,9.11
Hong Kong,2000,8.92
Hong Kong,2001,8.89
Hong Kong,2002,8.8
Hong Kong,2003,8.85
Hong Kong,2004,8.81
Hong Kong,2005,9.05
Hong Kong,2006,9.11
Hong Kong,2007,9.16
Hong Kong,2008,9.19
Hong Kong,2009,9.09
Hong Kong,2010,9.02
Hong Kong,2011,8.99
Hong Kong,2012,8.96
Hong Kong,2013,8.96
Hong Kong,2014,9
Hong Kong,2015,8.97
Hong Kong,2016,8.97
Hungary,1980,4.07
Hungary,1985,4.48
Hungary,1990,4.89
Hungary,1995,6.17
Hungary,2000,7.01
Hungary,2001,7.39
Hungary,2002,7
Hungary,2003,7.09
Hungary,2004,7.22
Hungary,2005,7.2
Hungary,2006,7.13
Hungary,2007,7.15
Hungary,2008,7.2
Hungary,2009,7.27
Hungary,2010,7.31
Hungary,2011,7.38
Hungary,2012,7.33
Hungary,2013,7.34
Hungary,2014,7.36
Hungary,2015,7.19
Hungary,2016,7.22
Iceland,1970,5.95
Iceland,1975,4.53
Iceland,1980,5.15
Iceland,1985,5.42
Iceland,1990,6.92
Iceland,1995,7.73
Iceland,2000,7.99
Iceland,2001,7.91
Iceland,2002,7.8
Iceland,2003,8.03
Iceland,2004,8.06
Iceland,2005,8.13
Iceland,2006,8.08
Iceland,2007,7.93
Iceland,2008,7.34
Iceland,2009,6.9
Iceland,2010,6.48
Iceland,2011,6.86
Iceland,2012,6.94
Iceland,2013,7.02
Iceland,2014,7.23
Iceland,2015,7.25
Iceland,2016,7.22
India,1970,5.08
India,1975,4.27
India,1980,5.02
India,1985,4.72
India,1990,4.79
India,1995,5.76
India,2000,6.22
India,2001,6.1
India,2002,6.27
India,2003,6.37
India,2004,6.34
India,2005,6.71
India,2006,6.52
India,2007,6.52
India,2008,6.47
India,2009,6.39
India,2010,6.39
India,2011,6.57
India,2012,6.54
India,2013,6.36
India,2014,6.23
India,2015,6.61
India,2016,6.63
Indonesia,1970,4.27
Indonesia,1975,4.78
Indonesia,1980,4.79
Indonesia,1985,5.79
Indonesia,1990,6
Indonesia,1995,6.3
Indonesia,2000,5.86
Indonesia,2001,5.56
Indonesia,2002,5.8
Indonesia,2003,6.12
Indonesia,2004,6.04
Indonesia,2005,6.35
Indonesia,2006,6.4
Indonesia,2007,6.42
Indonesia,2008,6.39
Indonesia,2009,6.55
Indonesia,2010,6.85
Indonesia,2011,6.87
Indonesia,2012,6.84
Indonesia,2013,7.01
Indonesia,2014,7.02
Indonesia,2015,7
Indonesia,2016,7.16
Iran,1970,5.77
Iran,1975,5.64
Iran,1980,3.53
Iran,1985,3.73
Iran,1990,4.29
Iran,1995,4.04
Iran,2000,5.57
Iran,2001,5.93
Iran,2002,5.78
Iran,2003,5.89
Iran,2004,6.01
Iran,2005,6.09
Iran,2006,6.04
Iran,2007,6.02
Iran,2008,6.06
Iran,2009,5.91
Iran,2010,5.91
Iran,2011,5.63
Iran,2012,4.96
Iran,2013,5.04
Iran,2014,4.89
Iran,2015,5.4
Iran,2016,6.03
Iraq,2016,5.4
Ireland,1970,6.75
Ireland,1975,5.96
Ireland,1980,6.46
Ireland,1985,6.53
Ireland,1990,7.06
Ireland,1995,8.25
Ireland,2000,8.08
Ireland,2001,7.96
Ireland,2002,7.85
Ireland,2003,8.03
Ireland,2004,8.13
Ireland,2005,8.22
Ireland,2006,8.11
Ireland,2007,8.01
Ireland,2008,7.87
Ireland,2009,7.76
Ireland,2010,7.67
Ireland,2011,7.83
Ireland,2012,7.98
Ireland,2013,8.04
Ireland,2014,8.12
Ireland,2015,8.25
Ireland,2016,8.07
Israel,1970,4.79
Israel,1975,4.03
Israel,1980,3.5
Israel,1985,4.04
Israel,1990,4.48
Israel,1995,5.91
Israel,2000,6.84
Israel,2001,6.87
Israel,2002,7.23
Israel,2003,7.25
Israel,2004,7.23
Israel,2005,7.3
Israel,2006,7.23
Israel,2007,7.22
Israel,2008,7.2
Israel,2009,7.14
Israel,2010,7.32
Israel,2011,7.35
Israel,2012,7.36
Israel,2013,7.42
Israel,2014,7.45
Israel,2015,7.47
Israel,2016,7.49
Italy,1970,6.37
Italy,1975,5.37
Italy,1980,5.58
Italy,1985,5.78
Italy,1990,6.75
Italy,1995,6.62
Italy,2000,7.59
Italy,2001,7.47
Italy,2002,7.5
Italy,2003,7.19
Italy,2004,7.29
Italy,2005,7.37
Italy,2006,7.25
Italy,2007,7.15
Italy,2008,7.07
Italy,2009,6.97
Italy,2010,7.19
Italy,2011,7.22
Italy,2012,7.22
Italy,2013,7.19
Italy,2014,7.25
Italy,2015,7.31
Italy,2016,7.27
Ivory Coast,1980,5.2
Ivory Coast,1985,5.34
Ivory Coast,1990,4.91
Ivory Coast,1995,5
Ivory Coast,2000,5.78
Ivory Coast,2001,5.68
Ivory Coast,2002,5.6
Ivory Coast,2003,5.71
Ivory Coast,2004,5.75
Ivory Coast,2005,5.87
Ivory Coast,2006,5.5
Ivory Coast,2007,5.44
Ivory Coast,2008,5.5
Ivory Coast,2009,5.69
Ivory Coast,2010,5.69
Ivory Coast,2011,5.7
Ivory Coast,2012,5.64
Ivory Coast,2013,5.9
Ivory Coast,2014,6
Ivory Coast,2015,5.93
Ivory Coast,2016,6
Jamaica,1980,3.98
Jamaica,1985,5.09
Jamaica,1990,5.62
Jamaica,1995,6.8
Jamaica,2000,7.53
Jamaica,2001,7.4
Jamaica,2002,7.36
Jamaica,2003,7.46
Jamaica,2004,7.55
Jamaica,2005,7.51
Jamaica,2006,7.5
Jamaica,2007,7.32
Jamaica,2008,7.27
Jamaica,2009,7.26
Jamaica,2010,6.97
Jamaica,2011,7
Jamaica,2012,7.14
Jamaica,2013,7.3
Jamaica,2014,7.13
Jamaica,2015,7.25
Jamaica,2016,7.18
Japan,1970,7.68
Japan,1975,6.83
Japan,1980,7.37
Japan,1985,7.55
Japan,1990,7.94
Japan,1995,7.4
Japan,2000,7.93
Japan,2001,7.65
Japan,2002,7.51
Japan,2003,7.85
Japan,2004,7.77
Japan,2005,7.83
Japan,2006,7.85
Japan,2007,7.78
Japan,2008,7.65
Japan,2009,7.52
Japan,2010,7.59
Japan,2011,7.49
Japan,2012,7.66
Japan,2013,7.54
Japan,2014,7.52
Japan,2015,7.46
Japan,2016,7.47
Jordan,1975,4.83
Jordan,1980,5.13
Jordan,1985,5.5
Jordan,1990,5.43
Jordan,1995,6.14
Jordan,2000,7.06
Jordan,2001,6.89
Jordan,2002,7
Jordan,2003,6.99
Jordan,2004,6.92
Jordan,2005,7.3
Jordan,2006,7.22
Jordan,2007,7.4
Jordan,2008,7.17
Jordan,2009,7.23
Jordan,2010,7.45
Jordan,2011,7.48
Jordan,2012,7.56
Jordan,2013,7.65
Jordan,2014,7.54
Jordan,2015,7.47
Jordan,2016,7.46
Kazakhstan,2005,6.88
Kazakhstan,2006,6.98
Kazakhstan,2007,7.15
Kazakhstan,2008,7.04
Kazakhstan,2009,7.07
Kazakhstan,2010,6.94
Kazakhstan,2011,6.97
Kazakhstan,2012,7.14
Kazakhstan,2013,7.13
Kazakhstan,2014,7.23
Kazakhstan,2015,7.26
Kazakhstan,2016,7.11
Kenya,1970,5.11
Kenya,1975,4.8
Kenya,1980,4.84
Kenya,1985,5.28
Kenya,1990,5.37
Kenya,1995,5.85
Kenya,2000,7.07
Kenya,2001,7.1
Kenya,2002,6.85
Kenya,2003,6.93
Kenya,2004,6.74
Kenya,2005,7.15
Kenya,2006,7.03
Kenya,2007,7.1
Kenya,2008,6.77
Kenya,2009,6.9
Kenya,2010,6.92
Kenya,2011,6.94
Kenya,2012,7.09
Kenya,2013,7.12
Kenya,2014,7.1
Kenya,2015,7.11
Kenya,2016,7.2
Kuwait,1980,3.69
Kuwait,1985,5.46
Kuwait,1990,4.98
Kuwait,1995,6.41
Kuwait,2000,6.97
Kuwait,2001,7.45
Kuwait,2002,7.48
Kuwait,2003,7.51
Kuwait,2004,7.09
Kuwait,2005,7.08
Kuwait,2006,7.19
Kuwait,2007,7.33
Kuwait,2008,7.03
Kuwait,2009,7.1
Kuwait,2010,6.95
Kuwait,2011,6.93
Kuwait,2012,6.93
Kuwait,2013,6.84
Kuwait,2014,6.77
Kuwait,2015,6.59
Kuwait,2016,6.75
Kyrgyzstan,2005,6.54
Kyrgyzstan,2006,6.9
Kyrgyzstan,2007,7.01
Kyrgyzstan,2008,6.82
Kyrgyzstan,2009,6.91
Kyrgyzstan,2010,6.61
Kyrgyzstan,2011,6.62
Kyrgyzstan,2012,6.67
Kyrgyzstan,2013,6.76
Kyrgyzstan,2014,6.96
Kyrgyzstan,2015,6.81
Kyrgyzstan,2016,6.93
Laos,2014,6.92
Laos,2015,6.97
Laos,2016,6.91
Latvia,1995,5.68
Latvia,2000,7.24
Latvia,2001,7.53
Latvia,2002,7.69
Latvia,2003,7.54
Latvia,2004,7.61
Latvia,2005,7.62
Latvia,2006,7.76
Latvia,2007,7.59
Latvia,2008,7.52
Latvia,2009,7.33
Latvia,2010,7.23
Latvia,2011,7.34
Latvia,2012,7.56
Latvia,2013,7.68
Latvia,2014,7.81
Latvia,2015,7.72
Latvia,2016,7.64
Lebanon,2010,7.21
Lebanon,2011,7.18
Lebanon,2012,6.96
Lebanon,2013,6.97
Lebanon,2014,6.98
Lebanon,2015,7.01
Lebanon,2016,6.99
Lesotho,2005,5.74
Lesotho,2006,5.98
Lesotho,2007,5.84
Lesotho,2008,6.07
Lesotho,2009,6.03
Lesotho,2010,6.08
Lesotho,2011,6.21
Lesotho,2012,6.19
Lesotho,2013,6.32
Lesotho,2014,6.47
Lesotho,2015,6.49
Lesotho,2016,6.38
Liberia,2014,7.18
Liberia,2015,6.87
Liberia,2016,6.56
Libya,2013,4.78
Libya,2014,4.81
Libya,2015,4.89
Libya,2016,4.74
Lithuania,1995,5.47
Lithuania,2000,6.92
Lithuania,2001,6.87
Lithuania,2002,7.18
Lithuania,2003,7.2
Lithuania,2004,7.41
Lithuania,2005,7.37
Lithuania,2006,7.46
Lithuania,2007,7.54
Lithuania,2008,7.44
Lithuania,2009,7.55
Lithuania,2010,7.47
Lithuania,2011,7.5
Lithuania,2012,7.52
Lithuania,2013,7.72
Lithuania,2014,7.91
Lithuania,2015,7.86
Lithuania,2016,7.86
Luxembourg,1970,8.01
Luxembourg,1975,8.48
Luxembourg,1980,8.05
Luxembourg,1985,8.39
Luxembourg,1990,8.07
Luxembourg,1995,7.9
Luxembourg,2000,8.18
Luxembourg,2001,8.18
Luxembourg,2002,7.93
Luxembourg,2003,7.97
Luxembourg,2004,7.98
Luxembourg,2005,7.6
Luxembourg,2006,7.6
Luxembourg,2007,7.62
Luxembourg,2008,7.62
Luxembourg,2009,7.51
Luxembourg,2010,7.53
Luxembourg,2011,7.48
Luxembourg,2012,7.46
Luxembourg,2013,7.61
Luxembourg,2014,7.78
Luxembourg,2015,7.64
Luxembourg,2016,7.6
Macedonia (F.Y.R.O.M.),2003,6.19
Macedonia (F.Y.R.O.M.),2004,6.07
Macedonia (F.Y.R.O.M.),2005,6.42
Macedonia (F.Y.R.O.M.),2006,6.61
Macedonia (F.Y.R.O.M.),2007,6.72
Macedonia (F.Y.R.O.M.),2008,6.83
Macedonia (F.Y.R.O.M.),2009,6.89
Macedonia (F.Y.R.O.M.),2010,6.93
Macedonia (F.Y.R.O.M.),2011,7.11
Macedonia (F.Y.R.O.M.),2012,7.23
Macedonia (F.Y.R.O.M.),2013,7.19
Macedonia (F.Y.R.O.M.),2014,7.24
Macedonia (F.Y.R.O.M.),2015,7.16
Macedonia (F.Y.R.O.M.),2016,7.13
Madagascar,1970,5.43
Madagascar,1980,3.87
Madagascar,1985,4.21
Madagascar,1990,4.35
Madagascar,1995,4.44
Madagascar,2000,5.87
Madagascar,2001,6.17
Madagascar,2002,5.88
Madagascar,2003,6
Madagascar,2004,5.73
Madagascar,2005,5.68
Madagascar,2006,5.74
Madagascar,2007,6.16
Madagascar,2008,6.07
Madagascar,2009,6.28
Madagascar,2010,6.41
Madagascar,2011,6.21
Madagascar,2012,6.48
Madagascar,2013,6.6
Madagascar,2014,6.44
Madagascar,2015,6.31
Madagascar,2016,6.19
Malawi,1975,5.12
Malawi,1980,4.48
Malawi,1985,4.89
Malawi,1990,5.32
Malawi,1995,4.31
Malawi,2000,5.05
Malawi,2001,5.6
Malawi,2002,5.71
Malawi,2003,6.12
Malawi,2004,5.9
Malawi,2005,5.37
Malawi,2006,5.56
Malawi,2007,5.85
Malawi,2008,6.17
Malawi,2009,6.22
Malawi,2010,6.27
Malawi,2011,6.52
Malawi,2012,6.18
Malawi,2013,5.92
Malawi,2014,5.94
Malawi,2015,5.76
Malawi,2016,5.86
Malaysia,1970,6.25
Malaysia,1975,6.05
Malaysia,1980,6.61
Malaysia,1985,6.68
Malaysia,1990,7.26
Malaysia,1995,7.36
Malaysia,2000,6.64
Malaysia,2001,6.32
Malaysia,2002,6.34
Malaysia,2003,6.42
Malaysia,2004,6.59
Malaysia,2005,6.84
Malaysia,2006,6.8
Malaysia,2007,6.88
Malaysia,2008,6.61
Malaysia,2009,6.6
Malaysia,2010,6.85
Malaysia,2011,6.86
Malaysia,2012,6.85
Malaysia,2013,7.07
Malaysia,2014,7.1
Malaysia,2015,7.15
Malaysia,2016,6.92
Mali,1975,5.81
Mali,1980,5.79
Mali,1985,4.88
Mali,1990,5.2
Mali,1995,4.84
Mali,2000,5.99
Mali,2001,5.51
Mali,2002,5.5
Mali,2003,5.95
Mali,2004,5.66
Mali,2005,5.82
Mali,2006,6.09
Mali,2007,6.16
Mali,2008,5.89
Mali,2009,6.04
Mali,2010,6.04
Mali,2011,5.92
Mali,2012,5.99
Mali,2013,5.95
Mali,2014,5.81
Mali,2015,5.82
Mali,2016,5.8
Malta,1980,5.57
Malta,1985,5.34
Malta,1990,5.54
Malta,1995,7
Malta,2000,6.98
Malta,2001,6.98
Malta,2002,6.88
Malta,2003,6.52
Malta,2004,7.22
Malta,2005,7.55
Malta,2006,7.37
Malta,2007,7.74
Malta,2008,7.59
Malta,2009,7.64
Malta,2010,7.59
Malta,2011,7.67
Malta,2012,7.63
Malta,2013,7.66
Malta,2014,7.8
Malta,2015,7.72
Malta,2016,7.73
Mauritania,2005,6.3
Mauritania,2006,5.9
Mauritania,2007,5.9
Mauritania,2008,5.98
Mauritania,2009,6.04
Mauritania,2010,5.77
Mauritania,2011,5.78
Mauritania,2012,5.68
Mauritania,2013,5.6
Mauritania,2014,5.68
Mauritania,2015,5.7
Mauritania,2016,5.96
Mauritius,1975,5.21
Mauritius,1980,4.9
Mauritius,1985,6.38
Mauritius,1990,6.12
Mauritius,1995,7.81
Mauritius,2000,7.54
Mauritius,2001,7.45
Mauritius,2002,7.29
Mauritius,2003,7.21
Mauritius,2004,7.05
Mauritius,2005,7.53
Mauritius,2006,7.37
Mauritius,2007,7.89
Mauritius,2008,7.96
Mauritius,2009,7.85
Mauritius,2010,7.98
Mauritius,2011,8.05
Mauritius,2012,8.15
Mauritius,2013,8.12
Mauritius,2014,8.02
Mauritius,2015,8.02
Mauritius,2016,8.01
Mexico,1970,6.78
Mexico,1975,5.73
Mexico,1980,5.19
Mexico,1985,4.67
Mexico,1990,6.26
Mexico,1995,6.46
Mexico,2000,6.6
Mexico,2001,6.54
Mexico,2002,6.73
Mexico,2003,6.72
Mexico,2004,6.84
Mexico,2005,6.83
Mexico,2006,6.87
Mexico,2007,6.78
Mexico,2008,6.66
Mexico,2009,6.53
Mexico,2010,6.67
Mexico,2011,6.68
Mexico,2012,6.71
Mexico,2013,6.77
Mexico,2014,6.85
Mexico,2015,6.88
Mexico,2016,6.9
Moldova,2005,6.73
Moldova,2006,6.74
Moldova,2007,6.79
Moldova,2008,6.91
Moldova,2009,6.66
Moldova,2010,6.58
Moldova,2011,6.7
Moldova,2012,6.64
Moldova,2013,6.55
Moldova,2014,6.65
Moldova,2015,6.57
Moldova,2016,6.64
Mongolia,2004,6.81
Mongolia,2005,7.08
Mongolia,2006,7.2
Mongolia,2007,6.89
Mongolia,2008,6.73
Mongolia,2009,7.03
Mongolia,2010,7.06
Mongolia,2011,7.17
Mongolia,2012,7.02
Mongolia,2013,7.17
Mongolia,2014,7.32
Mongolia,2015,7.38
Mongolia,2016,7.4
Montenegro,2005,6.3
Montenegro,2006,6.91
Montenegro,2007,7.04
Montenegro,2008,7.19
Montenegro,2009,7.16
Montenegro,2010,7.33
Montenegro,2011,7.14
Montenegro,2012,7.25
Montenegro,2013,7.08
Montenegro,2014,7.17
Montenegro,2015,6.74
Montenegro,2016,7.04
Morocco,1970,4.74
Morocco,1975,4.91
Morocco,1980,4.29
Morocco,1985,5
Morocco,1990,4.98
Morocco,1995,5.85
Morocco,2000,5.93
Morocco,2001,5.78
Morocco,2002,5.9
Morocco,2003,6.04
Morocco,2004,6.03
Morocco,2005,6.28
Morocco,2006,6.14
Morocco,2007,6.21
Morocco,2008,6.22
Morocco,2009,6.26
Morocco,2010,6.41
Morocco,2011,6.47
Morocco,2012,6.34
Morocco,2013,6.37
Morocco,2014,6.28
Morocco,2015,6.36
Morocco,2016,6.37
Mozambique,2003,5.88
Mozambique,2004,5.61
Mozambique,2005,5.45
Mozambique,2006,5.49
Mozambique,2007,5.61
Mozambique,2008,5.67
Mozambique,2009,5.47
Mozambique,2010,5.51
Mozambique,2011,5.77
Mozambique,2012,5.93
Mozambique,2013,5.78
Mozambique,2014,5.75
Mozambique,2015,5.63
Mozambique,2016,5.5
Namibia,1990,4.9
Namibia,1995,5.64
Namibia,2000,6.65
Namibia,2001,6.4
Namibia,2002,6.62
Namibia,2003,6.72
Namibia,2004,6.53
Namibia,2005,6.65
Namibia,2006,6.63
Namibia,2007,6.95
Namibia,2008,6.83
Namibia,2009,6.93
Namibia,2010,6.84
Namibia,2011,6.61
Namibia,2012,6.79
Namibia,2013,6.63
Namibia,2014,6.75
Namibia,2015,6.61
Namibia,2016,6.4
Nepal,1980,5.77
Nepal,1985,5.27
Nepal,1990,5.37
Nepal,1995,5.33
Nepal,2000,5.78
Nepal,2001,5.8
Nepal,2002,5.87
Nepal,2003,5.65
Nepal,2004,5.59
Nepal,2005,6.41
Nepal,2006,6.59
Nepal,2007,6.18
Nepal,2008,6.03
Nepal,2009,5.86
Nepal,2010,6.2
Nepal,2011,6.12
Nepal,2012,6.12
Nepal,2013,6.36
Nepal,2014,6.45
Nepal,2015,6.5
Nepal,2016,6.53
Netherlands,1970,7.01
Netherlands,1975,6.6
Netherlands,1980,7.29
Netherlands,1985,7.34
Netherlands,1990,7.56
Netherlands,1995,7.96
Netherlands,2000,7.96
Netherlands,2001,7.75
Netherlands,2002,7.72
Netherlands,2003,7.72
Netherlands,2004,7.75
Netherlands,2005,7.73
Netherlands,2006,7.66
Netherlands,2007,7.64
Netherlands,2008,7.58
Netherlands,2009,7.44
Netherlands,2010,7.48
Netherlands,2011,7.58
Netherlands,2012,7.54
Netherlands,2013,7.62
Netherlands,2014,7.74
Netherlands,2015,7.73
Netherlands,2016,7.71
New Zealand,1970,6.62
New Zealand,1975,5.77
New Zealand,1980,6.44
New Zealand,1985,6.29
New Zealand,1990,7.86
New Zealand,1995,8.84
New Zealand,2000,8.58
New Zealand,2001,8.48
New Zealand,2002,8.46
New Zealand,2003,8.49
New Zealand,2004,8.52
New Zealand,2005,8.44
New Zealand,2006,8.26
New Zealand,2007,8.39
New Zealand,2008,8.4
New Zealand,2009,8.27
New Zealand,2010,8.33
New Zealand,2011,8.39
New Zealand,2012,8.47
New Zealand,2013,8.48
New Zealand,2014,8.48
New Zealand,2015,8.48
New Zealand,2016,8.49
Nicaragua,1980,3.49
Nicaragua,1985,1.97
Nicaragua,1990,2.87
Nicaragua,1995,6.02
Nicaragua,2000,6.91
Nicaragua,2001,6.63
Nicaragua,2002,6.93
Nicaragua,2003,6.99
Nicaragua,2004,6.87
Nicaragua,2005,7.15
Nicaragua,2006,7.25
Nicaragua,2007,7.29
Nicaragua,2008,7.12
Nicaragua,2009,7.09
Nicaragua,2010,7.18
Nicaragua,2011,7.31
Nicaragua,2012,7.36
Nicaragua,2013,7.34
Nicaragua,2014,7.3
Nicaragua,2015,7.27
Nicaragua,2016,7.27
Niger,1975,5.56
Niger,1980,4.62
Niger,1985,4.51
Niger,1990,4.66
Niger,1995,4.04
Niger,2000,5.02
Niger,2001,4.72
Niger,2002,4.81
Niger,2003,4.76
Niger,2004,4.86
Niger,2005,5
Niger,2006,5.32
Niger,2007,5.25
Niger,2008,5.39
Niger,2009,5.7
Niger,2010,5.91
Niger,2011,5.8
Niger,2012,5.55
Niger,2013,5.69
Niger,2014,5.79
Niger,2015,5.74
Niger,2016,6.01
Nigeria,1970,4.28
Nigeria,1975,3.85
Nigeria,1980,3.44
Nigeria,1985,4.18
Nigeria,1990,3.5
Nigeria,1995,3.81
Nigeria,2000,5.17
Nigeria,2001,5.2
Nigeria,2002,5.53
Nigeria,2003,5.52
Nigeria,2004,5.6
Nigeria,2005,5.95
Nigeria,2006,6.53
Nigeria,2007,6.34
Nigeria,2008,6.03
Nigeria,2009,5.89
Nigeria,2010,6.12
Nigeria,2011,6.34
Nigeria,2012,6.22
Nigeria,2013,6.39
Nigeria,2014,6.38
Nigeria,2015,6.39
Nigeria,2016,6.32
Norway,1970,6.19
Norway,1975,5.57
Norway,1980,5.72
Norway,1985,6.39
Norway,1990,6.99
Norway,1995,7.57
Norway,2000,7.36
Norway,2001,7.26
Norway,2002,7.14
Norway,2003,7.66
Norway,2004,7.62
Norway,2005,7.73
Norway,2006,7.59
Norway,2007,7.73
Norway,2008,7.63
Norway,2009,7.5
Norway,2010,7.47
Norway,2011,7.56
Norway,2012,7.58
Norway,2013,7.6
Norway,2014,7.62
Norway,2015,7.65
Norway,2016,7.6
Oman,1985,6.63
Oman,1990,6.2
Oman,1995,6.67
Oman,2000,7.47
Oman,2001,7.51
Oman,2002,7.52
Oman,2003,7.57
Oman,2004,7.28
Oman,2005,7.23
Oman,2006,6.96
Oman,2007,7.18
Oman,2008,7.08
Oman,2009,7.13
Oman,2010,7.01
Oman,2011,6.91
Oman,2012,7.04
Oman,2013,6.98
Oman,2014,7.05
Oman,2015,6.64
Oman,2016,6.76
Pakistan,1970,4.45
Pakistan,1975,3.51
Pakistan,1980,4.25
Pakistan,1985,4.83
Pakistan,1990,4.81
Pakistan,1995,5.55
Pakistan,2000,5.55
Pakistan,2001,5.61
Pakistan,2002,5.85
Pakistan,2003,5.63
Pakistan,2004,5.68
Pakistan,2005,6.09
Pakistan,2006,6.16
Pakistan,2007,6.09
Pakistan,2008,5.97
Pakistan,2009,6.12
Pakistan,2010,6.17
Pakistan,2011,6.23
Pakistan,2012,6.15
Pakistan,2013,6.14
Pakistan,2014,5.89
Pakistan,2015,5.92
Pakistan,2016,6
Panama,1975,7.32
Panama,1980,6.07
Panama,1985,6.7
Panama,1990,6.82
Panama,1995,7.86
Panama,2000,7.61
Panama,2001,7.55
Panama,2002,7.49
Panama,2003,7.55
Panama,2004,7.54
Panama,2005,7.57
Panama,2006,7.49
Panama,2007,7.56
Panama,2008,7.24
Panama,2009,7.25
Panama,2010,7.22
Panama,2011,7.13
Panama,2012,7.34
Panama,2013,7.38
Panama,2014,7.48
Panama,2015,7.57
Panama,2016,7.58
Papua New Guinea,1985,6.02
Papua New Guinea,1990,6.07
Papua New Guinea,1995,6.06
Papua New Guinea,2000,6.13
Papua New Guinea,2001,6.1
Papua New Guinea,2002,6.06
Papua New Guinea,2003,6
Papua New Guinea,2004,6.06
Papua New Guinea,2005,6.48
Papua New Guinea,2006,6.39
Papua New Guinea,2007,6.7
Papua New Guinea,2008,6.77
Papua New Guinea,2009,6.83
Papua New Guinea,2010,6.87
Papua New Guinea,2011,6.83
Papua New Guinea,2012,6.91
Papua New Guinea,2013,6.96
Papua New Guinea,2014,6.28
Papua New Guinea,2015,6.17
Papua New Guinea,2016,6.25
Paraguay,1980,6.24
Paraguay,1985,5.24
Paraguay,1990,5.94
Paraguay,1995,7.04
Paraguay,2000,6.79
Paraguay,2001,6.72
Paraguay,2002,6.59
Paraguay,2003,6.53
Paraguay,2004,6.45
Paraguay,2005,6.48
Paraguay,2006,6.41
Paraguay,2007,6.37
Paraguay,2008,6.5
Paraguay,2009,6.56
Paraguay,2010,6.74
Paraguay,2011,6.8
Paraguay,2012,6.89
Paraguay,2013,6.95
Paraguay,2014,6.87
Paraguay,2015,6.91
Paraguay,2016,6.95
Peru,1970,4.62
Peru,1975,3.5
Peru,1980,3.6
Peru,1985,2.47
Peru,1990,3.87
Peru,1995,6.47
Peru,2000,7.48
Peru,2001,7.48
Peru,2002,7.42
Peru,2003,7.41
Peru,2004,7.43
Peru,2005,7.39
Peru,2006,7.41
Peru,2007,7.39
Peru,2008,7.5
Peru,2009,7.51
Peru,2010,7.64
Peru,2011,7.62
Peru,2012,7.57
Peru,2013,7.52
Peru,2014,7.53
Peru,2015,7.47
Peru,2016,7.43
Philippines,1970,5.3
Philippines,1975,5.02
Philippines,1980,5.15
Philippines,1985,4.92
Philippines,1990,5.88
Philippines,1995,7.1
Philippines,2000,6.97
Philippines,2001,6.76
Philippines,2002,6.95
Philippines,2003,7
Philippines,2004,6.8
Philippines,2005,7.02
Philippines,2006,7.05
Philippines,2007,6.86
Philippines,2008,6.72
Philippines,2009,6.66
Philippines,2010,7.05
Philippines,2011,7.22
Philippines,2012,7.27
Philippines,2013,7.54
Philippines,2014,7.4
Philippines,2015,7.43
Philippines,2016,7.34
Poland,1985,3.68
Poland,1990,3.51
Poland,1995,5.28
Poland,2000,6.55
Poland,2001,6.47
Poland,2002,6.59
Poland,2003,6.49
Poland,2004,6.81
Poland,2005,6.89
Poland,2006,6.94
Poland,2007,6.86
Poland,2008,7
Poland,2009,7.16
Poland,2010,7.12
Poland,2011,7.24
Poland,2012,7.32
Poland,2013,7.25
Poland,2014,7.43
Poland,2015,7.36
Poland,2016,7.27
Portugal,1970,5.51
Portugal,1975,3.74
Portugal,1980,5.62
Portugal,1985,5.46
Portugal,1990,6.2
Portugal,1995,7.4
Portugal,2000,7.46
Portugal,2001,7.36
Portugal,2002,7.4
Portugal,2003,7.39
Portugal,2004,7.44
Portugal,2005,7.25
Portugal,2006,7.41
Portugal,2007,7.4
Portugal,2008,7.21
Portugal,2009,7.17
Portugal,2010,7
Portugal,2011,7.27
Portugal,2012,7.31
Portugal,2013,7.52
Portugal,2014,7.6
Portugal,2015,7.55
Portugal,2016,7.51
Qatar,2010,7.35
Qatar,2011,7.23
Qatar,2012,7.5
Qatar,2013,7.54
Qatar,2014,7.68
Qatar,2015,7.43
Qatar,2016,7.49
Romania,1985,5.58
Romania,1990,5.02
Romania,1995,4.15
Romania,2000,5.73
Romania,2001,5.77
Romania,2002,6.31
Romania,2003,6.49
Romania,2004,6.63
Romania,2005,7.24
Romania,2006,7.03
Romania,2007,7.57
Romania,2008,7.32
Romania,2009,7.45
Romania,2010,7.3
Romania,2011,7.34
Romania,2012,7.47
Romania,2013,7.63
Romania,2014,7.74
Romania,2015,7.7
Romania,2016,7.69
Russia,1995,4.33
Russia,2000,5.5
Russia,2001,5.55
Russia,2002,5.9
Russia,2003,5.98
Russia,2004,6.27
Russia,2005,6.24
Russia,2006,6.35
Russia,2007,6.45
Russia,2008,6.52
Russia,2009,6.43
Russia,2010,6.54
Russia,2011,6.56
Russia,2012,6.65
Russia,2013,6.62
Russia,2014,6.59
Russia,2015,6.65
Russia,2016,6.83
Rwanda,1975,3.2
Rwanda,1980,4.6
Rwanda,1990,4.89
Rwanda,1995,3.71
Rwanda,2000,5.74
Rwanda,2001,5.96
Rwanda,2002,6.31
Rwanda,2003,6.09
Rwanda,2004,5.67
Rwanda,2005,5.89
Rwanda,2006,6.38
Rwanda,2007,6.46
Rwanda,2008,6.75
Rwanda,2009,6.89
Rwanda,2010,7.23
Rwanda,2011,7.45
Rwanda,2012,7.32
Rwanda,2013,7.4
Rwanda,2014,7.43
Rwanda,2015,7.56
Rwanda,2016,7.48
Saudi Arabia,2010,6.71
Saudi Arabia,2011,6.67
Saudi Arabia,2012,6.42
Saudi Arabia,2013,6.55
Saudi Arabia,2014,6.55
Saudi Arabia,2015,6.24
Saudi Arabia,2016,6.52
Senegal,1980,4.85
Senegal,1985,4.85
Senegal,1990,5.02
Senegal,1995,4.32
Senegal,2000,5.61
Senegal,2001,5.54
Senegal,2002,5.74
Senegal,2003,5.65
Senegal,2004,5.7
Senegal,2005,5.76
Senegal,2006,5.81
Senegal,2007,5.91
Senegal,2008,5.87
Senegal,2009,6.05
Senegal,2010,5.95
Senegal,2011,5.9
Senegal,2012,5.9
Senegal,2013,6.2
Senegal,2014,6.23
Senegal,2015,6.15
Senegal,2016,6.22
Serbia,2005,5.96
Serbia,2006,6.39
Serbia,2007,6.77
Serbia,2008,6.55
Serbia,2009,6.58
Serbia,2010,6.56
Serbia,2011,6.64
Serbia,2012,6.55
Serbia,2013,6.68
Serbia,2014,6.71
Serbia,2015,6.76
Serbia,2016,6.85
Seychelles,2013,7.24
Seychelles,2014,7.46
Seychelles,2015,7.33
Seychelles,2016,7.23
Sierra Leone,1975,4.93
Sierra Leone,1980,4.79
Sierra Leone,1985,3.71
Sierra Leone,1990,3.81
Sierra Leone,1995,4.33
Sierra Leone,2000,4.68
Sierra Leone,2001,4.44
Sierra Leone,2002,5.06
Sierra Leone,2003,5.36
Sierra Leone,2004,5.3
Sierra Leone,2005,5.57
Sierra Leone,2006,5.63
Sierra Leone,2007,5.92
Sierra Leone,2008,5.98
Sierra Leone,2009,6.18
Sierra Leone,2010,6.22
Sierra Leone,2011,6.18
Sierra Leone,2012,6.27
Sierra Leone,2013,6.12
Sierra Leone,2014,6
Sierra Leone,2015,5.78
Sierra Leone,2016,5.75
Singapore,1970,7.08
Singapore,1975,7.01
Singapore,1980,7.42
Singapore,1985,7.65
Singapore,1990,8.49
Singapore,1995,8.88
Singapore,2000,8.7
Singapore,2001,8.67
Singapore,2002,8.79
Singapore,2003,8.73
Singapore,2004,8.8
Singapore,2005,8.91
Singapore,2006,8.98
Singapore,2007,8.96
Singapore,2008,8.92
Singapore,2009,8.77
Singapore,2010,8.76
Singapore,2011,8.76
Singapore,2012,8.64
Singapore,2013,8.64
Singapore,2014,8.84
Singapore,2015,8.84
Singapore,2016,8.84
Slovakia,1995,5.42
Slovakia,2000,6.89
Slovakia,2001,6.81
Slovakia,2002,6.87
Slovakia,2003,6.95
Slovakia,2004,7.59
Slovakia,2005,7.63
Slovakia,2006,7.59
Slovakia,2007,7.6
Slovakia,2008,7.6
Slovakia,2009,7.42
Slovakia,2010,7.47
Slovakia,2011,7.48
Slovakia,2012,7.38
Slovakia,2013,7.38
Slovakia,2014,7.44
Slovakia,2015,7.24
Slovakia,2016,7.3
Slovenia,1995,5.31
Slovenia,2000,6.58
Slovenia,2001,6.81
Slovenia,2002,6.77
Slovenia,2003,6.88
Slovenia,2004,6.88
Slovenia,2005,6.91
Slovenia,2006,6.98
Slovenia,2007,6.95
Slovenia,2008,7.01
Slovenia,2009,7.02
Slovenia,2010,6.82
Slovenia,2011,6.83
Slovenia,2012,6.84
Slovenia,2013,6.75
Slovenia,2014,7.01
Slovenia,2015,7.08
Slovenia,2016,7.05
South Africa,1970,5.91
South Africa,1975,5.23
South Africa,1980,5.23
South Africa,1985,5.03
South Africa,1990,5.26
South Africa,1995,5.9
South Africa,2000,7.04
South Africa,2001,7.02
South Africa,2002,6.98
South Africa,2003,7.12
South Africa,2004,6.98
South Africa,2005,6.97
South Africa,2006,6.99
South Africa,2007,6.89
South Africa,2008,6.72
South Africa,2009,6.82
South Africa,2010,7.05
South Africa,2011,7.12
South Africa,2012,6.98
South Africa,2013,7.08
South Africa,2014,6.87
South Africa,2015,6.84
South Africa,2016,6.65
South Korea,1970,5.84
South Korea,1975,5.18
South Korea,1980,5.38
South Korea,1985,5.49
South Korea,1990,6.38
South Korea,1995,6.58
South Korea,2000,6.92
South Korea,2001,7.21
South Korea,2002,7.22
South Korea,2003,7.35
South Korea,2004,7.47
South Korea,2005,7.46
South Korea,2006,7.67
South Korea,2007,7.68
South Korea,2008,7.46
South Korea,2009,7.35
South Korea,2010,7.51
South Korea,2011,7.52
South Korea,2012,7.45
South Korea,2013,7.36
South Korea,2014,7.55
South Korea,2015,7.55
South Korea,2016,7.53
Spain,1970,6.12
Spain,1975,5.57
Spain,1980,5.81
Spain,1985,6.14
Spain,1990,6.56
Spain,1995,7.18
Spain,2000,7.77
Spain,2001,7.59
Spain,2002,7.5
Spain,2003,7.73
Spain,2004,7.74
Spain,2005,7.62
Spain,2006,7.57
Spain,2007,7.53
Spain,2008,7.37
Spain,2009,7.27
Spain,2010,7.32
Spain,2011,7.45
Spain,2012,7.35
Spain,2013,7.35
Spain,2014,7.45
Spain,2015,7.53
Spain,2016,7.56
Sri Lanka,1980,4.54
Sri Lanka,1985,4.71
Sri Lanka,1990,4.76
Sri Lanka,1995,6
Sri Lanka,2000,6.31
Sri Lanka,2001,6.28
Sri Lanka,2002,6.25
Sri Lanka,2003,6.39
Sri Lanka,2004,6.22
Sri Lanka,2005,6.44
Sri Lanka,2006,6.62
Sri Lanka,2007,6.43
Sri Lanka,2008,6.26
Sri Lanka,2009,6.35
Sri Lanka,2010,6.63
Sri Lanka,2011,6.77
Sri Lanka,2012,6.73
Sri Lanka,2013,6.64
Sri Lanka,2014,6.58
Sri Lanka,2015,6.63
Sri Lanka,2016,6.49
Sudan,2016,5.36
Suriname,2010,6.64
Suriname,2011,6.35
Suriname,2012,6.64
Suriname,2013,6.72
Suriname,2014,6.78
Suriname,2015,6.85
Suriname,2016,6.36
Swaziland,2010,6.41
Swaziland,2011,6.58
Swaziland,2012,6.44
Swaziland,2013,6.56
Swaziland,2014,6.47
Swaziland,2015,6.44
Swaziland,2016,6.46
Sweden,1970,5.31
Sweden,1975,5.34
Sweden,1980,5.66
Sweden,1985,6.45
Sweden,1990,6.96
Sweden,1995,7.32
Sweden,2000,7.67
Sweden,2001,7.44
Sweden,2002,7.53
Sweden,2003,7.61
Sweden,2004,7.47
Sweden,2005,7.5
Sweden,2006,7.46
Sweden,2007,7.43
Sweden,2008,7.4
Sweden,2009,7.39
Sweden,2010,7.58
Sweden,2011,7.57
Sweden,2012,7.48
Sweden,2013,7.44
Sweden,2014,7.62
Sweden,2015,7.65
Sweden,2016,7.44
Switzerland,1970,7.41
Switzerland,1975,7.12
Switzerland,1980,7.62
Switzerland,1985,8.15
Switzerland,1990,8.21
Switzerland,1995,8.16
Switzerland,2000,8.73
Switzerland,2001,8.55
Switzerland,2002,8.64
Switzerland,2003,8.56
Switzerland,2004,8.5
Switzerland,2005,8.37
Switzerland,2006,8.42
Switzerland,2007,8.43
Switzerland,2008,8.24
Switzerland,2009,8.26
Switzerland,2010,8.3
Switzerland,2011,8.23
Switzerland,2012,8.2
Switzerland,2013,8.22
Switzerland,2014,8.31
Switzerland,2015,8.37
Switzerland,2016,8.39
Syria,1970,4.61
Syria,1975,4.88
Syria,1980,3.69
Syria,1985,3.01
Syria,1990,3.32
Syria,1995,4.08
Syria,2000,4.95
Syria,2001,5.26
Syria,2002,5.17
Syria,2003,5.13
Syria,2004,5.53
Syria,2005,5.75
Syria,2006,5.56
Syria,2007,5.96
Syria,2008,5.62
Syria,2009,5.79
Syria,2010,5.96
Syria,2011,6.18
Syria,2012,5.27
Syria,2013,4.07
Syria,2014,4.97
Syria,2015,4.96
Syria,2016,5.02
Taiwan,1970,6.4
Taiwan,1975,5.6
Taiwan,1980,6.32
Taiwan,1985,6.58
Taiwan,1990,7.1
Taiwan,1995,7.29
Taiwan,2000,7.29
Taiwan,2001,7.21
Taiwan,2002,7.34
Taiwan,2003,7.36
Taiwan,2004,7.55
Taiwan,2005,7.51
Taiwan,2006,7.58
Taiwan,2007,7.54
Taiwan,2008,7.49
Taiwan,2009,7.39
Taiwan,2010,7.7
Taiwan,2011,7.71
Taiwan,2012,7.71
Taiwan,2013,7.72
Taiwan,2014,7.76
Taiwan,2015,7.76
Taiwan,2016,7.89
Tajikistan,2010,6.28
Tajikistan,2011,6.39
Tajikistan,2012,6.75
Tajikistan,2013,6.55
Tajikistan,2014,6.68
Tajikistan,2015,6.65
Tajikistan,2016,6.72
Tanzania,1970,4.36
Tanzania,1975,3.46
Tanzania,1980,4.33
Tanzania,1985,3.79
Tanzania,1990,3.81
Tanzania,1995,5.36
Tanzania,2000,6.11
Tanzania,2001,6.21
Tanzania,2002,6.03
Tanzania,2003,6.04
Tanzania,2004,6.04
Tanzania,2005,6.29
Tanzania,2006,6.4
Tanzania,2007,6.3
Tanzania,2008,6.2
Tanzania,2009,6.42
Tanzania,2010,6.7
Tanzania,2011,6.76
Tanzania,2012,6.62
Tanzania,2013,6.85
Tanzania,2014,6.76
Tanzania,2015,6.92
Tanzania,2016,6.92
Thailand,1970,6.2
Thailand,1975,5.83
Thailand,1980,5.86
Thailand,1985,5.94
Thailand,1990,6.69
Thailand,1995,7.07
Thailand,2000,6.6
Thailand,2001,6.6
Thailand,2002,6.67
Thailand,2003,6.73
Thailand,2004,6.77
Thailand,2005,6.72
Thailand,2006,6.86
Thailand,2007,6.83
Thailand,2008,6.8
Thailand,2009,6.69
Thailand,2010,6.65
Thailand,2011,6.59
Thailand,2012,6.58
Thailand,2013,6.61
Thailand,2014,6.62
Thailand,2015,6.8
Thailand,2016,6.85
Timor Leste,2010,6
Timor Leste,2011,6.89
Timor Leste,2012,6.69
Timor Leste,2013,6.64
Timor Leste,2014,6.68
Timor Leste,2015,6.6
Timor Leste,2016,6.55
Togo,1980,3.89
Togo,1985,5.14
Togo,1990,5.31
Togo,1995,5.27
Togo,2000,5.65
Togo,2001,5.64
Togo,2002,6.03
Togo,2003,5.81
Togo,2004,5.65
Togo,2005,5.69
Togo,2006,5.87
Togo,2007,5.86
Togo,2008,5.67
Togo,2009,5.57
Togo,2010,5.55
Togo,2011,5.45
Togo,2012,5.33
Togo,2013,6.25
Togo,2014,5.79
Togo,2015,5.69
Togo,2016,5.82
Trinidad and Tobago,1975,4.33
Trinidad and Tobago,1980,4.88
Trinidad and Tobago,1985,4.86
Trinidad and Tobago,1990,5.5
Trinidad and Tobago,1995,7.27
Trinidad and Tobago,2000,7.58
Trinidad and Tobago,2001,7.53
Trinidad and Tobago,2002,7.49
Trinidad and Tobago,2003,7.38
Trinidad and Tobago,2004,7.15
Trinidad and Tobago,2005,7.06
Trinidad and Tobago,2006,6.86
Trinidad and Tobago,2007,6.85
Trinidad and Tobago,2008,6.74
Trinidad and Tobago,2009,6.61
Trinidad and Tobago,2010,6.61
Trinidad and Tobago,2011,6.65
Trinidad and Tobago,2012,6.6
Trinidad and Tobago,2013,6.77
Trinidad and Tobago,2014,6.75
Trinidad and Tobago,2015,6.48
Trinidad and Tobago,2016,6.73
Tunisia,1970,4.44
Tunisia,1975,4.49
Tunisia,1980,4.55
Tunisia,1985,4.37
Tunisia,1990,5.26
Tunisia,1995,5.58
Tunisia,2000,6.1
Tunisia,2001,6.16
Tunisia,2002,6.19
Tunisia,2003,6.19
Tunisia,2004,6.26
Tunisia,2005,6.37
Tunisia,2006,6.76
Tunisia,2007,6.75
Tunisia,2008,6.68
Tunisia,2009,6.71
Tunisia,2010,6.49
Tunisia,2011,6.97
Tunisia,2012,6.4
Tunisia,2013,6.35
Tunisia,2014,6.48
Tunisia,2015,6.33
Tunisia,2016,6.29
Turkey,1970,3.52
Turkey,1975,3.83
Turkey,1980,3.59
Turkey,1985,4.65
Turkey,1990,4.73
Turkey,1995,5.69
Turkey,2000,5.84
Turkey,2001,5.63
Turkey,2002,5.76
Turkey,2003,6.16
Turkey,2004,6.29
Turkey,2005,6.43
Turkey,2006,6.44
Turkey,2007,6.54
Turkey,2008,6.86
Turkey,2009,6.79
Turkey,2010,6.83
Turkey,2011,7.03
Turkey,2012,6.99
Turkey,2013,6.86
Turkey,2014,6.87
Turkey,2015,6.84
Turkey,2016,6.84
Uganda,1980,2.71
Uganda,1985,2.75
Uganda,1990,2.74
Uganda,1995,5.09
Uganda,2000,7.13
Uganda,2001,7.09
Uganda,2002,6.92
Uganda,2003,6.92
Uganda,2004,6.85
Uganda,2005,6.94
Uganda,2006,7.11
Uganda,2007,7.14
Uganda,2008,7.21
Uganda,2009,7.36
Uganda,2010,7.44
Uganda,2011,7.26
Uganda,2012,7.28
Uganda,2013,7.38
Uganda,2014,7.31
Uganda,2015,7.3
Uganda,2016,7.41
Ukraine,1995,3.03
Ukraine,2000,4.71
Ukraine,2001,4.92
Ukraine,2002,5.4
Ukraine,2003,5.3
Ukraine,2004,5.52
Ukraine,2005,5.81
Ukraine,2006,5.95
Ukraine,2007,5.92
Ukraine,2008,5.87
Ukraine,2009,5.89
Ukraine,2010,5.9
Ukraine,2011,6.15
Ukraine,2012,6.24
Ukraine,2013,6.05
Ukraine,2014,5.91
Ukraine,2015,5.4
Ukraine,2016,5.98
United Arab Emirates,1980,6.01
United Arab Emirates,1985,6.64
United Arab Emirates,1990,7.23
United Arab Emirates,1995,6.71
United Arab Emirates,2000,7.15
United Arab Emirates,2001,7.18
United Arab Emirates,2002,7.4
United Arab Emirates,2003,7.35
United Arab Emirates,2004,7.2
United Arab Emirates,2005,7.38
United Arab Emirates,2006,7.58
United Arab Emirates,2007,7.66
United Arab Emirates,2008,7.68
United Arab Emirates,2009,7.4
United Arab Emirates,2010,7.56
United Arab Emirates,2011,7.69
United Arab Emirates,2012,7.71
United Arab Emirates,2013,7.68
United Arab Emirates,2014,7.56
United Arab Emirates,2015,7.45
United Arab Emirates,2016,7.5
United Kingdom,1970,5.94
United Kingdom,1975,6.06
United Kingdom,1980,6.72
United Kingdom,1985,7.71
United Kingdom,1990,8.18
United Kingdom,1995,8.21
United Kingdom,2000,8.56
United Kingdom,2001,8.45
United Kingdom,2002,8.46
United Kingdom,2003,8.47
United Kingdom,2004,8.34
United Kingdom,2005,8.3
United Kingdom,2006,8.2
United Kingdom,2007,8.13
United Kingdom,2008,7.99
United Kingdom,2009,8.08
United Kingdom,2010,7.89
United Kingdom,2011,7.9
United Kingdom,2012,7.91
United Kingdom,2013,7.96
United Kingdom,2014,7.91
United Kingdom,2015,8.01
United Kingdom,2016,8
United States,1970,7.77
United States,1975,7.88
United States,1980,8.07
United States,1985,8.26
United States,1990,8.48
United States,1995,8.48
United States,2000,8.62
United States,2001,8.47
United States,2002,8.42
United States,2003,8.41
United States,2004,8.42
United States,2005,8.22
United States,2006,8.18
United States,2007,8.29
United States,2008,8.17
United States,2009,7.95
United States,2010,7.81
United States,2011,7.76
United States,2012,7.88
United States,2013,7.74
United States,2014,7.81
United States,2015,7.93
United States,2016,8.03
Uruguay,1980,6.33
Uruguay,1985,6.16
Uruguay,1990,6.6
Uruguay,1995,6.74
Uruguay,2000,7.1
Uruguay,2001,7.04
Uruguay,2002,7.19
Uruguay,2003,7.01
Uruguay,2004,7.13
Uruguay,2005,7.05
Uruguay,2006,7
Uruguay,2007,7.08
Uruguay,2008,7.12
Uruguay,2009,7.05
Uruguay,2010,7.33
Uruguay,2011,7.39
Uruguay,2012,7.34
Uruguay,2013,7.26
Uruguay,2014,7.14
Uruguay,2015,7.15
Uruguay,2016,7.16
Venezuela,1970,7.18
Venezuela,1975,6.22
Venezuela,1980,6.72
Venezuela,1985,6.08
Venezuela,1990,5.55
Venezuela,1995,4.35
Venezuela,2000,5.89
Venezuela,2001,5.9
Venezuela,2002,4.78
Venezuela,2003,4.39
Venezuela,2004,4.91
Venezuela,2005,4.73
Venezuela,2006,4.72
Venezuela,2007,4.38
Venezuela,2008,4.22
Venezuela,2009,4.36
Venezuela,2010,3.96
Venezuela,2011,3.91
Venezuela,2012,3.82
Venezuela,2013,3.32
Venezuela,2014,3.28
Venezuela,2015,2.96
Venezuela,2016,2.88
Vietnam,2003,5.61
Vietnam,2004,6.05
Vietnam,2005,6.19
Vietnam,2006,6.31
Vietnam,2007,6.3
Vietnam,2008,6.19
Vietnam,2009,6.45
Vietnam,2010,6.33
Vietnam,2011,6.24
Vietnam,2012,6.4
Vietnam,2013,6.37
Vietnam,2014,6.32
Vietnam,2015,6.3
Vietnam,2016,6.42
Yemen,2010,6.12
Yemen,2011,6.19
Yemen,2012,6.17
Yemen,2013,6.33
Yemen,2014,6.74
Yemen,2015,6.07
Yemen,2016,6.34
Zambia,1975,4.11
Zambia,1980,4.73
Zambia,1985,3.55
Zambia,1990,3.1
Zambia,1995,4.76
Zambia,2000,6.72
Zambia,2001,6.91
Zambia,2002,6.52
Zambia,2003,6.79
Zambia,2004,6.8
Zambia,2005,6.64
Zambia,2006,7.05
Zambia,2007,7.13
Zambia,2008,7.15
Zambia,2009,7.13
Zambia,2010,7.35
Zambia,2011,7.34
Zambia,2012,7.19
Zambia,2013,6.95
Zambia,2014,6.99
Zambia,2015,6.74
Zambia,2016,6.61
Zimbabwe,1980,4.5
Zimbabwe,1985,4.69
Zimbabwe,1990,4.94
Zimbabwe,1995,5.84
Zimbabwe,2000,4.51
Zimbabwe,2001,3.87
Zimbabwe,2002,3.74
Zimbabwe,2003,3.82
Zimbabwe,2004,3.25
Zimbabwe,2005,2.93
Zimbabwe,2006,2.96
Zimbabwe,2007,3.21
Zimbabwe,2008,4.55
Zimbabwe,2009,4.5
Zimbabwe,2010,4.46
Zimbabwe,2011,4.93
Zimbabwe,2012,5.06
Zimbabwe,2013,5.3
Zimbabwe,2014,5.63
Zimbabwe,2015,6.01
Zimbabwe,2016,6.06
